순서,판매처,상품명,가격,카테고리
1,피코크,송탄식 부대찌개 1.538kg,"9,980",찌개류
2,피코크,샤브샤브 요리재료 870g,"9,980",기타
3,피코크,소불고기 718g,"12,980",고기류
4,피코크,햄폭탄 부대찌개 798g,"12,980",찌개류
5,피코크,누룽지찜닭 1.215kg,"14,980",찜류
6,피코크,새우듬뿍 감바스 544g,"14,980",기타
7,피코크,순두부찌개 요리재료 804g,"6,980",찌개류
8,피코크,미가 들깨수제비 530g,"9,980",기타
9,피코크,"소고기 밀푀유나베 1,003g","19,800",기타
10,피코크,마라샹궈 408g,"14,980",기타
11,호텔컬렉션,에센셜 햄듬뿍 부대찌개 480g,"9,980",찌개류
12,피코크,투움바 빠네 파스타 577g,"12,980",기타
13,피코크,우삼겹 순두부찌개615g,"7,980",찌개류
14,프레시지,감바스알아히요 2인분,"14,900",기타
15,피코크,얼큰해물파스타 797g,"14,980",해물/생선류
16,피코크,우삼겹 고깃집 된장찌개 600g,"7,980",찌개류
17,피코크,차돌박이 숙주볶음 582g,"14,980",밥/면류
18,피코크,냉이된장찌개 밀키트,"9,980",찌개류
19,호텔컬렉션,에센셜 정통 순대볶음 570g,"11,980",밥/면류
20,피코크,얼큰버섯샤브샤브 800g,"16,800",기타
21,피코크,푸짐한 대구매운탕 1.033kg,"14,980",기타
22,강민철,씨트롱(레몬)파스타 324g,"10,900",기타
23,피코크,고추잡채&꽃빵 500g,"9,980",밥/면류
24,피코크,고기듬뿍 마라탕 985g,"16,800",기타
25,강민철,또맛(토마토)파스타 384g,"10,900",기타
26,피코크,강된장&제육 쌈밥세트 1.145kg,"14,980",기타한식류
27,피코크,오사카식 오코노미야키 539g,"14,980",기타
28,마이셰프,[SSG X 마이셰프]큐브찹스테이크 413g,"15,900",기타
29,피코크,콩나물 불고기 870g,"9,980",고기류
30,피코크,유부주머니전골 739g,"12,980",전류
31,피코크,버섯 어묵 전골 611g,"14,980",전류
32,피코크,봄동겉절이 369g,"5,980",기타
33,피코크,소고기생면전골560g,"8,980",전류
34,설성목장,우된장 한우 된장찌개 500g,"12,900",찌개류
35,피코크,오사카식 야키소바 878g,"14,980",기타
36,피코크,돼지고기 김치찜 645g,"9,980",찜류
37,피코크,부채살 큐브 찹스테이크 512g,"19,800",기타
38,프레시지,[캠핑포차] 김치어묵 우동전골,"13,800",전류
39,피코크,쟁반짜장 1kg,"9,980",기타
40,CJ제일제당,쿡킷 얼큰시원동태탕701g,"13,900",기타
41,피코크,애호박 돼지찌개 745g,"9,980",찌개류
42,피코크,볼로네제 라자냐 601g,"14,980",기타
43,피코크,베트남식 소고기쌀국수 620g,"14,980",국류
44,조우,"1++No.9 한우광양불고기,한우맑은곰탕,한우카레(3팩)","44,900",고기류
45,피코크,신락원 해물누룽지탕 600g,"12,980",해물/생선류
46,피코크,김치어묵전골 804g,"14,980",전류
47,조선호텔앤리조트,[조선호텔]꿔바로우 450g,"9,800",기타
48,프레시지,얼큰 소고기 샤브샤브&칼국수 1200g,"15,900",국류
49,피코크,해물듬뿍칼국수 1.073kg,"12,980",국류
50,피코크,매콤한 즉석 쌀떡볶이 1.06kg,"9,980",분식류
51,하코야,[투다리] 김치오뎅전골 2인분,"14,900",전류
52,브랜드 없음,청정원 호밍스 김치어묵우동전골 950g,"13,900",전류
53,피코크,"이꼬이 스키나베 1,190g","19,800",기타
54,브랜드 없음,"[Chai797] 오리지널 짬뽕 1,280g","13,800",기타
55,피코크,병천식 순대곱창볶음 970g,"16,800",밥/면류
56,마이셰프,오색 월남쌈 865g,"15,900",기타
57,조선호텔앤리조트,[조선호텔]탕수육 450g,"9,800",기타
58,피코크,우삼겹떡볶이 810g,"12,980",분식류
59,청정원,호밍스 햄&고기듬뿍 부대찌개 600g,"15,400",찌개류
60,피코크,의정부식 부대찌개 700g,"9,980",찌개류
61,피코크,원주식 장칼국수 607g,"7,980",국류
62,피코크,된장찌개 요리재료 780g,"6,980",찌개류
63,피코크,영월식 청국장 930g,"9,980",국류
64,피코크,리북방 순대전골 900g,"14,980",전류
65,피코크,강릉식 짬뽕순두부 밀키트 1.035 kg,"9,980",기타
66,마이셰프,[SSG X 마이셰프]고기가득 버섯잡채 584g(2인분),"15,900",밥/면류
67,마이셰프,[SSG X 마이셰프] BIG우삼겹두부된장찌개 635g(2인분),"10,900",찌개류
68,피코크,새우듬뿍 팟타이 661g,"12,980",기타
69,피코크,에그인헬 664g,"12,980",기타
70,프레시지,소고기 샤브샤브 2인분,"16,900",기타
71,피코크,매콤순대볶음 740g,"9,980",밥/면류
72,마이셰프,[마이셰프x놀부] 부대찌개 582g,"14,900",찌개류
73,프레시지,[99`s fresh]칼칼한김치찌개 400g,"6,980",찌개류
74,프레시지,서울식 불고기 전골 2인분,"12,900",고기류
75,피코크,얼큰칼칼한 소곱창전골 1.48kg,"19,800",전류
76,프레시지,블랙라벨 스테이크 2인분,"17,900",기타
77,피코크,카덴 마제우동 947.4g,"14,980",기타
78,프레시지,우삼겹 순두부찌개 2인분,"8,900",찌개류
79,마이셰프,[SSG X 마이셰프] 멕시칸 포크 타코 485g,"11,900",기타
80,브랜드 없음,마이셰프 소문난 돼지불백 592g,"9,980",기타
81,피코크,카덴 나가사키 짬뽕탕 658g,"16,800",기타
82,피코크,주꾸미삼겹살볶음 530g,"12,980",밥/면류
83,프레시지,[99`s fresh]얼큰한 마라탕 360g,"8,980",기타
84,블루스트리트,남다른순살감자탕 600g,"9,800",기타
85,애슐리,타이 시푸드 팟타이_712g,"16,900",기타
86,피코크,로제 쉬림프 파스타 764g,"14,980",기타
87,브랜드 없음,[봉추찜닭] 찜닭볶이 845g,"12,900",찜류
88,프레시지,[99`s fresh]고소한 들깨 백순대 볶음 383g,"7,980",밥/면류
89,통뼈감자탕,보통맛 1KG,"10,500",기타
90,피코크,족발&막국수 820g,"14,980",국류
91,피코크,볶음짬뽕 934g,"9,980",밥/면류
92,하림,"마늘 듬뿍 닭볶음탕 밀키트 1,085g","14,900",밥/면류
93,브랜드 없음,청정원 시원한바지락칼국수 366g,"5,480",국류
94,피코크,매콤물갈비 913g,"14,980",고기류
95,브랜드 없음,[Chai797] 유니짜장면 740g,"8,900",기타
96,피코크,버섯크림리조또 658g,"12,980",기타
97,브랜드 없음,[에머이] 불고기 쌀국수 480g(2개입),"12,500",고기류
98,브랜드 없음,[프레시지]도산분식 무침만두 570g,"7,490",기타
99,브랜드 없음,[호밍스]  얼큰김치만두전골 680g,"15,400",전류
100,피코크,닭볶음탕 1.45kg,"16,800",밥/면류
101,마이셰프,[마이셰프x놀부] 김치 부대찌개 633g,"15,900",찌개류
102,브랜드 없음,호밍스 불고기 낙지전골 730g,"16,400",고기류
103,브랜드 없음,황태해장국&두부두루치기,"9,980",국류
104,프레시지,[갓포아키] 스키야키 881g,"17,900",기타
105,하림,"닭한마리 칼국수 밀키트 1,175g","14,600",국류
106,프레시지,부추가득 재래식 된장찌개 470g,"8,900",찌개류
107,피코크,대구식 파육개장 829g,"14,980",기타
108,피코크,우육면 610g,"7,980",기타
109,브랜드 없음,[프레시지] 도산분식 국물떡볶이 510g,"7,900",국류
110,피코크,닭갈비 920g,"19,800",고기류
111,조우,1++ No.9 한우 광양식 불고기,"19,800",고기류
112,피코크,전주식칼국수 411g,"8,980",전류
113,마이셰프,[The : 푸짐한] 서울식 불고기 전골 560g,"11,900",고기류
114,브랜드 없음,CJ 비비고 서울식 소불고기전골 505g,"16,980",고기류
115,애슐리,불고기&짜조 분짜_690g,"17,900",고기류
116,애슐리,해물 누룽지탕(698g),"16,900",해물/생선류
117,브랜드 없음,야마야 모츠나베 732g,"20,900",기타
118,피코크,동대문식 닭칼국수 1.59kg,"19,800",국류
119,브랜드 없음,유동 어부지리 새꼬막 매콤비빔 밀키트,"4,980",기타
120,브랜드 없음,CJ 비비고 낙곱새전골 720g,"17,980",전류
121,브랜드 없음,청정원 콩담백면 450g(150g*3ea),"7,380",기타
122,CJ제일제당,비비고 스팸부대전골 690g,"15,980",전류
123,브랜드 없음,본죽 전통 잡채 195g*2입,"12,980",밥/면류
124,브랜드 없음,하남쭈꾸미 500g 5팩,"58,900",기타
125,마이셰프,냄비가득 돼지고기 묵은지찜 545g,"12,900",찜류
126,삼원가든,첫선 돼지갈비 1000g,"27,500",고기류
127,브랜드 없음,CJ 비비고 곱창순대전골 935g,"17,980",전류
128,브랜드 없음,[SSG ONLY] 소시지듬뿍 의정부식 부대찌개 660g,"10,900",찌개류
129,청정원,호밍스 해물누룽지탕 670g,"18,400",해물/생선류
130,브랜드 없음,정면 부추고기쌀국수,"7,900",국류
131,아임셰프,진한 우사골 떡국 (2인분),"14,900",국류
132,하림,누룽지 닭백숙 857g,"12,900",닭요리
133,송쭈집,프리미엄 양념 쭈꾸미 볶음 패키지 묶음 구성 300g 6팩 / 500g 4팩,"59,800",밥/면류
134,브랜드 없음,쉐프컬렉션 오리지널 유니짜장 2인분 770g,"9,980",기타
135,피코크,콩비지감자탕 1.44kg,"16,800",기타
136,프레시지,[99`s fresh]소고기볶음면 325g,"7,980",밥/면류
137,주식회사 카우보이그릴,[카우보이그릴]텍사스 바베큐 참나무 훈연 풀드포크,"24,000",기타
138,브랜드 없음,[서리재] 살얼음 동치미 물막국수 988g,"9,900",국류
139,청정원,호밍스 녹두삼계탕 900g,"14,000",기타
140,피코크,낙지볶음&소면 725g,"12,980",밥/면류
141,나래식품,만능 명란 청국장 600g 8인분 국내산 청국장,"17,800",국류
142,수다쟁이밥상,교동낙지 450gx2팩 캠핑요리 간편식 밀키트 간편조리 저녁 메뉴덮밥,"30,937",기타
143,아임셰프,아삭한 마늘쫑 손말이고기 18개입,"17,900",기타
144,브랜드 없음,[프레시지] 소밋공원 우삼겹 감자사리볶음면 507g,"10,900",밥/면류
145,브랜드 없음,[상어알분식]국물떡볶이 360g,"6,200",국류
146,수다쟁이밥상,역전닭갈비 500g x 2팩 국내산 닭고기 100% 춘천닭갈비 양념닭갈비 저녁메뉴  캠핑요리,"9,900",고기류
147,산해직송,뚝딱잇 안동 순살 간장찜닭 밀키트 2인분 (1005g),"22,900",찜류
148,CJ제일제당,[쿡킷] 양지육수 왕교자 만두전골 795g,"15,980",전류
149,브랜드 없음,[100%메밀면] 세모면 들기름막국수(2인분),"12,000",국류
150,브랜드 없음,호밍스 우삼겹 대창전골 530g,"18,400",전류
151,수다쟁이밥상,꽃미남쭈꾸미 양념쭈꾸미 600g x3팩 캠핑요리 간편식 밀키트 간편조리 저녁메뉴,"45,787",기타
152,프레시지,차슈 돈코츠라멘 200g x2팩,"17,800",기타
153,다신샵,성수동905 모짜렐라 포두부 라자냐 3팩 / 저당라구소스&자연치즈,"16,700",기타
154,주식회사 카우보이그릴,[카우보이그릴]텍사스 바베큐 참나무 훈연 커플팩 세트,"74,900",기타
155,프레시지,블랙라벨 시그니처 스테이크SET(블랙라벨+감바스+바질빠네파스타)(냉장),"42,900",기타
156,아임셰프,소고기 샤브샤브 (2인분),"17,700",기타
157,오마뎅,[SSGX오마뎅] 부산떡볶이2입 + 사과떡볶이 1입,"19,700",분식류
158,마이셰프,[SSG X 마이셰프] 보리새우 칼국수 전골 1080g,"13,900",전류
159,프레시지,감바스알아히요 2인분x2팩 4인분 (냉장),"22,900",기타
160,CJ제일제당,비비고 곱창전골 800G파우치,"15,980",전류
161,브랜드 없음,야마야 소대창 미소볶음 280g,"11,900",밥/면류
162,프레시지,신림동백순대볶음 2인분(냉장),"12,900",밥/면류
163,브랜드 없음,"[바른고기정육점] 간편식샘플러(포갈비,LA갈비,불고기,육개장,곰탕)","99,000",고기류
164,브랜드 없음,[프레시지] 바르다김선생 바르다 광천 김말이 300g,"5,900",기타
165,브랜드 없음,"[더미식]고기손만둣국 1,288","18,980",국류
166,애슐리,에그인헬 2인분(873g),"18,900",기타
167,프레시지,투움바 빠네 파스타 2인분,"10,900",기타
168,브랜드 없음,[쿡솜씨] 오삼불고기 밀키트 2인분,"12,800",고기류
169,아임셰프,한우대창 모츠나베 808g 밀키트,"26,900",기타
170,아임셰프,해산물 빼쉐 국물 파스타 / 해장 파스타 밀키트 (2인분) 551g 캠핑 직화용기 제공,"15,900",국류
171,프레시지,감바스알아히요 2인분(냉장),"14,900",기타
172,브랜드 없음,채소와 고기의 환상궁합 밀푀유나베 밀키트 2인분,"16,020",기타
173,주식회사 카우보이그릴,[카우보이그릴]텍사스 바베큐 참나무 훈연 스패어립 600g,"37,900",기타
174,브랜드 없음,[프레시지] 바르다김선생 찹쌀 자연 치즈볼 310g,"8,900",기타
175,월드킷,우삼겹/왕새우 팟타이 밀키트(2인),"15,900",기타
176,신세계푸드,YWE 유아왓유잇 분식세트 떡튀순(360g)+자장면(303g)+스파게티(285g),"26,700",기타
177,프레시지,블랙라벨 스테이크 (2인분) 냉장밀키트,"18,900",기타
178,브랜드 없음,[프레시지] 교동면옥 육전 비빔냉면 430g,"8,590",전류
179,프레시지,짬뽕순두부찌개 2인분(냉장),"11,900",찌개류
180,청정원,호밍스 궁중식 간장양념 찜닭 670g,"15,400",찜류
181,신세계푸드,YWE 유아왓유잇 나폴리탄스파게티 285g 2개,"22,000",기타
182,프레시지,갈치구이 100g,"12,000",구이류
183,프레시지,부채살페퍼스테이크 190gx4팩,"38,900",기타
184,브랜드 없음,[프레시지] 초계국수 998g,"8,900",국류
185,브랜드 없음,[쿡솜씨] 뚝배기불고기 밀키트 2인분,"13,800",고기류
186,프레시지,theEASY 쉬림프알리오올리오 320gx4팩,"31,600",기타
187,강민철,"미쉐린 가이드 2024 서울 선정, 강민철 셰프 다이닝 박스","8,900",기타
188,프레시지,서울식불고기전골 2인분(냉장),"11,900",고기류
189,밀팡,새우 감바스 알 아히요 밀키트 2인분,"11,900",기타
190,아임셰프,밀푀유나베 (2인분),"22,900",기타
191,브랜드 없음,[푸딩팩토리] 푸딩프렙 포장마차 옛날 냄비가락우동 380g 추억의 길거리 우동,"7,200",기타
192,브랜드 없음,잇츠온 밀키트_치즈닭갈비,"20,000",고기류
193,청정원,호밍스 밀키트 부산식 곱창전골 760g x 2개,"30,800",전류
194,프레시지,마라탕 2인분+마파두부3인분 (냉장),"27,900",기타
195,브랜드 없음,채소와 고기의 환상궁합 밀푀유나베 밀키트 4인분,"32,200",기타
196,브랜드 없음,[쿡솜씨] 햄가득부대찌개 밀키트 2인분,"12,800",찌개류
197,브랜드 없음,[쿡솜씨] 돼지불백 밀키트 2인분,"12,800",기타
198,아임셰프,불고기 월남쌈 (2인분),"18,900",고기류
199,다신샵,성수동905 모짜렐라 포두부 라자냐 5팩 / 저당라구소스&자연치즈,"27,500",기타
200,아임셰프,매콤한 땡초 손말이고기 18개입,"17,900",기타
201,브랜드 없음,[외갓집] 고기곰탕 500g X 4팩,"18,900",기타
202,브랜드 없음,용두동 할매 쭈꾸미 400g,"16,000",기타
203,프레시지,고등어구이 100g x4팩,"25,900",구이류
204,브랜드 없음,[웰리트]새우몽땅 감바스 알아히요 밀키트 (2인분),"21,900",기타
205,프레시지,최현석의 규카츠 120g x4팩,"51,600",기타
206,수다쟁이밥상,또순이네 철판 떡볶이 460g x 3팩 분식 간편조리식품 아이간식 양념떡볶이 즉석떡볶이,"25,575",분식류
207,기타,[한인한식] 육개장 600g X 2팩,"8,900",기타
208,브랜드 없음,[외갓집/더명작] 바른 한우 사골곰탕 500g X 2팩,"9,500",기타
209,브랜드 없음,[외갓집] 도가니탕 500g X 4팩,"34,900",기타
210,브랜드 없음,하남쭈꾸미 300gx10팩 보통매운맛,"70,900",기타
211,브랜드 없음,쭈꾸미도사 대창쭈꾸미볶음 320g 10팩,"109,000",밥/면류
212,브랜드 없음,싱싱 낙지 야채 볶음 320g x 3팩 (덮밥용),"19,900",밥/면류
213,프레시지,우삼겹순두부찌개 2인분(냉장),"9,900",찌개류
214,프레시지,차슈 돈코츠라멘 200g x4팩,"31,900",기타
215,프레시지,소고기버섯잡채+우삼겹순두부찌개 2인분(냉장),"18,900",찌개류
216,프레시지,스테이크 키트 2종 10팩 SET (뉴욕갈릭스테이크 170gx5+텍사스페퍼스테이크170gx5),"59,900",기타
217,브랜드 없음,[쿡솜씨] 해물순두부찌개 밀키트 2인분,"12,800",찌개류
218,홈쿡,태국음식 베스트 5종세트,"17,500",국류
219,브랜드 없음,맛있는家 양지팔당닭발 팔당불오징어볶음오리지널 매운맛 400g×2팩,"28,900",밥/면류
220,나이스파머스,매콤한 양념 쭈꾸미볶음 300G,"22,500",밥/면류
221,브랜드 없음,용두동 할매 낙지 300g x 3개,"40,900",기타
222,기타,냉동 카페스노우 바스크치즈케익/생크림카스테라 2입 2박스,"17,900",기타
223,아임셰프,3종 해산물 감바스 알 아히요 밀키트 (2인분) 528g 바게트 포함,"13,900",기타
224,브랜드 없음,싱싱 해물탕 1kg (2~3인분),"17,900",해물/생선류
225,밀팡,순살 안동찜닭 밀키트 2인분,"14,900",찜류
226,브랜드 없음,쿠즈락앳홈 한입 스테이크 280g 14팩,"77,700",기타
227,쿡솜씨,잔치잡채 밀키트 2인분,"14,800",밥/면류
228,남원추어 미꾸야,한우곱창전골 995g(2~3인분_밀키트),"27,000",전류
229,브랜드 없음,용두동 할매 낙지 300g x 2개,"23,000",기타
230,프레시지,선물세트 3호 (LA갈비 4팩+ 도가니탕 2팩)_A03,"99,900",고기류
231,브랜드 없음,33 강원도메밀막국수4팩,"40,260",국류
232,아임셰프,매콤 어묵꼬치 닭도리탕 1380g 밀키트,"25,500",닭요리
233,아임셰프,스지 아롱사태 수육 얼큰전골 800g 밀키트,"26,900",전류
234,아임셰프,사천풍 마파두부 (2인분),"18,900",기타
235,쿡솜씨,춘천식철판닭갈비 밀키트 2인분,"14,800",고기류
236,아임셰프,아홉가지 정성 담은 오색 구절판 밀키트 780g,"21,900",기타
237,밀팡,국내산묵은지 고등어조림 밀키트 2인분,"18,900",국류
238,프레시지,중앙해장 한우양 해장국 700g,"11,000",국류
239,BIBS,[빕스] 시그니처 스테이크 3종 4팩,"46,900",기타
240,프레시지,야심작 슈크림붕어빵 500g,"12,000",기타
241,프레시지,고등어구이 100g x4팩,"25,900",구이류
242,브랜드 없음,[외갓집] 도가니탕 500g X 4팩,"34,900",기타
243,브랜드 없음,[외갓집/더명작] 강남 모둠소국밥 800g X 4팩,"53,900",국류
244,브랜드 없음,[외갓집] 장항동 진심 순대국 700g X 5팩,"38,500",국류
245,프레시지,최현석의 디트로이트피자 고르곤졸라&크림 261g x3팩,"29,700",기타
246,브랜드 없음,(실온) [외갓집] 1978 사골곰탕 500g X 3팩,"7,900",기타
247,브랜드 없음,[외갓집/더명작] 바른 한우 사골곰탕 500g X 2팩,"9,500",기타
248,브랜드 없음,[시루조아] 100% 국산 고춧가루 우리쌀 조아 떡볶이 370g,"9,900",국류
249,브랜드 없음,[푸딩팩토리] 어묵전골 320g 어묵탕 오뎅 국물요리 한끼요리 캠핑요리,"4,900",전류
250,브랜드 없음,코다노 회오리 감자700g(70g10개입) 감자 국내산+ 치즈시즈닝10g10개입,"22,900",국류
251,브랜드 없음,[푸딩팩토리] 푸딩프렙 들깨백순대볶음 470g 매콤한 찍먹용 소스구성 밀키트 간편조리세트,"11,500",밥/면류
252,프레시지,최현석의 우삼겹마라크림짬뽕 677g x6팩,"101,400",기타
253,브랜드 없음,[웰리트]새우몽땅 감바스 알아히요 밀키트 (2인분),"21,900",기타
254,브랜드 없음,천호 쭈꾸미 볶음 300g 5봉,"49,900",밥/면류
255,청정원,안주야 4종 골라담기 4개,"30,950",기타
256,브랜드 없음,[푸딩팩토리] 돈까스김치나베 615g 우동전골 밀키트 포장마차오뎅 식사대용 술안주 홈쿡,"10,900",전류
257,아임셰프,가리비 치즈 버터구이 밀키트 430g 캠핑 직화용기 제공,"15,900",구이류
258,아임셰프,간장베이스에 단짠단짠한 별미 소고기 궁중 떡볶이 밀키트 784g,"15,900",분식류
259,브랜드 없음,싱싱 고등어 김치조림 400g x 2팩,"12,900",기타한식류
260,쿡솜씨,이탈리안감바스 밀키트 2인분,"17,800",기타
261,ENTREE,앙트레 청양풍 훈제오리 숙주볶음 쿠킹박스 밀키트(2인분) 541g,"12,900",밥/면류
262,맛수러움,따끈한 밥 위에 노른자와 함께 새우장밥 1인분,"12,500",기타
263,프레시지,바질크림빠네파스타 (2인분) 냉장 밀키트,"12,900",기타
264,월드킷,더진한 마라탕 밀키트 수제 마라소스(2인),"16,900",기타
265,아임셰프,꽃게를 듬뿍 담은 꽃게 오이스터 파스타 586g (2인분),"15,900",기타
266,브랜드 없음,"소고기 샤브샤브 밀키트 (칼국수, 소스 포함)","13,900",국류
267,아임셰프,새우 로제 빠네 파스타 1012g 밀키트,"21,900",기타
268,브랜드 없음,[외갓집] 간단식단 닭가슴살 고기만두 180g X 5팩,"15,900",닭요리
269,브랜드 없음,[외갓집] 착한 제주 돼지 간장불고기 120g X 3팩,"12,900",고기류
270,브랜드 없음,[푸딩팩토리] 푸딩프렙 모츠나베 460g 밀키트 이자카야 대창전골,"23,900",전류
271,브랜드 없음,[외갓집] 한우 대창 쭈꾸미 320g X 3팩,"43,500",기타
272,브랜드 없음,[외갓집] 간단식단 닭가슴살 김치만두 180g X 2팩,"6,900",닭요리
273,프레시지,까르보나라 떡볶이 황금레시피 870g,"14,900",분식류
274,브랜드 없음,(실온) [외갓집] 1978 사골곰탕 500g X 5팩,"11,900",기타
275,브랜드 없음,건강한 간편식 골라담기,"7,900",기타
276,프레시지,바를정육 한입LA갈비 500gx5팩,"89,500",고기류
277,브랜드 없음,싱싱 고등어 김치조림 400g x 3팩,"18,900",기타한식류
278,브랜드 없음,싱싱 소고기 육전 200g x 3팩,"27,900",전류
279,프레시지,밀푀유나베 2인 + 소고기야끼소바 2인 (냉장),"27,900",기타
280,아이홈푸드,[우정제면소] 맑은해물맛 수제비 6인분세트 (생수제비1kg+스프6봉),"9,900",해물/생선류
281,브랜드 없음,[외갓집] 장항동 진심 열 순대국 700g X 3팩,"24,900",국류
282,브랜드 없음,"[효뽀끼] 초간편 쌀떡볶이(어묵,만두포함)2인분 2팩","18,500",분식류
283,프레시지,캠핑요리대전 김치어묵우동전골/육칼전골 외 국/탕/전골/스테이크/감바스 골라담기,"23,990",전류
284,브랜드 없음,(실온) [외갓집] 1978 도가니탕 500g X 4팩,"35,500",기타
285,브랜드 없음,[외갓집] 장항동 진심 순대국 700g X 3팩,"23,500",국류
286,브랜드 없음,[외갓집] 진심 갈비탕 650g X 2팩,"12,500",고기류
287,기타,[한인한식] 1978 쓰촨 마라탕 매운맛 600g X 2팩,"21,900",기타
288,브랜드 없음,[외갓집] 고기곰탕 500g X 5팩,"23,500",기타
289,기타,[한인한식] 1978 쓰촨 마라탕 매운맛 600g X 4팩,"42,500",기타
290,브랜드 없음,[외갓집] 도가니탕 500g X 2팩,"17,900",기타
291,브랜드 없음,[외갓집] 간단식단 닭가슴살 고기만두 180g X 3팩,"9,900",닭요리
292,ENTREE,앙트레 사천 마라탕 쿠킹박스 밀키트(2인분) 660g,"16,900",기타
293,사그담,30년전통 지장산 칡냉면 비빔냉면 4인분,"18,900",전류
294,대양푸드,실속 대용량 국내산 고추채 장아찌 절임 2kg,"22,900",국류
295,브랜드 없음,[해물사령부] 푸짐한 동죽 칼국수 700g * 1팩,"12,000",국류
296,브랜드 없음,쿡킷 트러플 부채살 찹스테이크 385g x2개,"46,900",기타
297,홍대쭈꾸미,홍대오징어 300g 4팩 수제양념 오징어볶음,"37,900",밥/면류
298,사그담,이남장 설렁탕 870g 2개,"39,900",기타
299,브랜드 없음,[푸딩팩토리] 푸딩프렙 동치미 물비빔국수 450g 생소면 밀키트 간편조리세트,"7,200",국류
300,브랜드 없음,복원 대만 족발국수 밀키트 캠핑 1인분 730g,"8,900",국류
301,브랜드 없음,[푸딩팩토리] 푸딩프렙 불맛 직화 낙지볶음 370g 전문점 스타일 간편 밀키트,"15,900",밥/면류
302,VIPS,빕스 척아이롤 스테이크 331g 2개 + 볶음밥 2종 (멕불) + 피자2종 (하고),"52,500",밥/면류
303,브랜드 없음,[푸딩팩토리] 가마보꼬 어묵탕 340g 꼬치어묵 오뎅탕 집들이오뎅탕 캠핑국물요리,"8,700",국류
304,브랜드 없음,이혜정의 쫄깃쭈꾸미 4팩+삼겹쭈꾸미3팩 400gx7팩 총 2.8kg,"59,900",기타
305,사그담,[르비스트로]이탈리안 정통 가정식 오리지널 라자냐,"18,900",기타
306,브랜드 없음,[푸딩팩토리] 푸딩프렙 야채곱창 600g 인생 술안주 잡내없는 돼지곱창 밀키트 간편조리세트,"16,500",기타
307,VIPS,빕스 원팬 스테이크 2종 (하와이안+척아이롤) + 볶음밥 2종 (멕불) + 피자2종 (하고),"52,500",밥/면류
308,프레시지,밀푀유나베 2인분 +마라탕 2인분(냉장),"28,900",기타
309,프레시지,짬뽕순두부찌개x2팩 4인분 + 우삼겹순두부찌개x2팩 4인분 (냉장),"31,900",찌개류
310,프레시지,백리향 마파두부(냉장),"14,900",기타
311,아임셰프,노루궁뎅이버섯 보양탕 비건삼계탕 640g(2인분),"29,900",기타
312,브랜드 없음,싱싱 부대찌개 550g x 2팩,"17,900",찌개류
313,프레시지,선물세트 8호(함박스테이크10팩+스테이크2팩)_A14,"83,900",기타
314,홍대쭈꾸미,300g 매운맛 4팩 수제양념 쭈꾸미볶음,"33,800",밥/면류
315,브랜드 없음,[외갓집] 진심 소내장탕 700g X 3팩,"24,900",기타
316,기타,[한인한식] 뚝딱 뚝배기 불고기 400g X 4팩,"20,500",고기류
317,월드킷,감바스 밀키트 바게트 파스타면포함(2인),"16,900",기타
318,아임셰프,쉬림프 팟타이 655g (2인분) 밀키트,"18,900",기타
319,웰리트,멕시칸스타일 척아이롤 스테이크 밀키트 (2인분),"21,900",기타
320,브랜드 없음,매기 Maggi 연어 크림 그라탕 26g,"5,980",기타
321,쿡솜씨,왕십리야채곱창 밀키트 2인분,"16,800",기타
322,프레시지,선물세트 2호 (LA갈비 5팩+직화스테이크 2팩)_A09,"119,900",고기류
323,브랜드 없음,싱싱 낙지 야채 볶음 320g x 4팩 (덮밥용),"25,900",밥/면류
324,아임셰프,쉬림프 팟타이 655g (2인분) 밀키트,"18,900",기타
325,프레시지,밀푀유나베 2인분 +마라탕 2인분(냉장),"28,900",기타
326,프레시지,짬뽕순두부찌개x2팩 4인분 + 우삼겹순두부찌개x2팩 4인분 (냉장),"31,900",찌개류
327,프레시지,장칼국수 2인분 + 자이언트 부대찌개 2인분 (냉장),"23,900",찌개류
328,프레시지,백리향 마파두부(냉장),"14,900",기타
329,프레시지,서울식불고기전골 2인분+소고기버섯 잡채 2인분+우삼겹순두부찌개 2인분(냉장),"28,900",찌개류
330,브랜드 없음,[외갓집] 진심 육개장 600g X 4팩,"18,900",기타
331,브랜드 없음,[외갓집] 진심 소내장탕 700g X 2팩,"16,900",기타
332,프레시지,알찬한상SET(한입LA갈비+소고기버섯잡채+향긋한모듬나물밥+청국장찌개)(냉장),"44,200",찌개류
333,설성목장,(냉동) 설성목장 삼계탕 1.2KG,"13,900",기타
334,브랜드 없음,쭈꾸미도사 양념쭈꾸미볶음 320g 6팩,"47,900",밥/면류
335,브랜드 없음,[외갓집] 사골곰탕 500g X 2팩,"6,500",기타
336,브랜드 없음,[애슐리] 홈스로티 이지쿡 패키지,"27,530",기타
337,수다쟁이밥상,교동낙지 450gx3팩 캠핑요리 간편식 밀키트 간편조리 저녁 메뉴덮밥,"53,075",기타
338,다신샵,성수동905 모짜렐라 포두부 라자냐 10팩 / 저당라구소스&자연치즈,"53,700",기타
339,브랜드 없음,[외갓집] 한우 대창 쭈꾸미 320g X 2팩,"29,500",기타
340,브랜드 없음,[푸딩팩토리] 푸딩프렙 해물 야끼소바 450g 밀키트 오리엔탈 퓨전일식 볶음우동,"11,500",밥/면류
341,강원더몰,양구재래식손두부 짜박두부소스 170g,"2,900",기타
342,브랜드 없음,[외갓집] 간단식단 닭가슴살 김치만두 180g X 5팩,"15,900",닭요리
343,브랜드 없음,[푸딩팩토리] 김치어묵우동 740g 전골 밀키트 캠핑요리 술안주,"10,500",전류
344,브랜드 없음,[외갓집] 진심 소내장탕 700g X 3팩,"24,900",기타
345,기타,[한인한식] 뚝딱 뚝배기 불고기 400g X 4팩,"20,500",고기류
346,프레시지,삼치구이 70g,"9,000",구이류
347,프레시지,선물세트 8호(함박스테이크10팩+스테이크2팩)_A14,"83,900",기타
348,홍대쭈꾸미,300g 매운맛 4팩 수제양념 쭈꾸미볶음,"33,800",밥/면류
349,브랜드 없음,[외갓집] 진심 차돌된장찌개 600g X 4팩,"27,500",찌개류
350,브랜드 없음,[푸딩팩토리] 푸딩프렙 마라샹궈 480g 중독성 맛집 마라볶음요리 밀키트 간편조리세트,"14,900",밥/면류
351,프레시지,이태리국시파스타 SET (곱창파스타+대창파스타),"25,800",국류
352,VIPS,빕스 원팬 스테이크 2종 (하와이안+척아이롤) + 볶음밥 2종 (멕불) + 피자2종 (하고),"52,500",밥/면류
353,브랜드 없음,[푸딩팩토리] 푸딩프렙 야채곱창 600g 인생 술안주 잡내없는 돼지곱창 밀키트 간편조리세트,"16,500",기타
354,아임셰프,쉬림프 나시고랭 663g (2인분) 밀키트,"17,900",기타
355,브랜드 없음,쿠즈락앳홈 한입 스테이크 280g 1팩,"12,900",기타
356,사그담,[르비스트로]이탈리안 정통 가정식 오리지널 라자냐,"18,900",기타
357,아임셰프,미나리 샤브샤브 810g (2인분) 밀키트,"22,900",기타
358,브랜드 없음,이혜정의 쫄깃쭈꾸미 4팩+삼겹쭈꾸미3팩 400gx7팩 총 2.8kg,"59,900",기타
359,브랜드 없음,[외갓집] 도가니탕 500g X 3팩,"26,500",기타
360,브랜드 없음,모두의맛집 소문난원조조방낙지 낙곱새 3개입,"45,910",기타
361,프레시지,삼치구이 70g x4팩,"25,900",구이류
362,브랜드 없음,[외갓집] 진심 차돌된장찌개 600g X 5팩,"33,900",찌개류
363,브랜드 없음,[외갓집] 착한 제주 돼지 간장불고기 120g X 4팩,"16,900",고기류
364,프레시지,소고기샤브샤브 2인분(냉장),"15,900",기타
365,브랜드 없음,싱싱 대구탕 360g x 4팩,"24,900",기타
366,아임셰프,깻잎 페스토 크림파스타 440g (2인분),"13,900",기타
367,프레시지,소고기 야끼소바 2인분(냉장),"11,900",기타
368,월드킷,찹스테이크 밀키트 파인애플 연육(2인),"16,900",기타
369,아임셰프,어린이 셰프 소고기 궁중 떡볶이 키트,"13,900",분식류
370,프레시지,theEASY 바질토마토파스타 320gx4팩,"31,600",기타
371,프레시지,투움바 빠네 파스타 2인분x3팩,"23,900",기타
372,브랜드 없음,용두동 할매 낙지 300g,"15,000",기타
373,싱싱(하프클럽),쭈꾸미 야채볶음 320g x 2개입,"12,900",밥/면류
374,브랜드 없음,[외갓집] 저먼 제로 부어스트 소시지 1kg X 3팩,"59,900",기타
375,브랜드 없음,천호 쭈꾸미 볶음 300g 1봉,"13,300",밥/면류
376,브랜드 없음,[푸딩팩토리] 푸딩프렙 싱글 시래기 코다리찜 510g (1인분) 두툼쫄깃 밀키트 간편조리세트,"11,900",찜류
377,프레시지,최현석의 한돈한우 함박스테이크 모음,"19,500",기타
378,프레시지,심프라이스 소고기팟타이 306g x2팩,"19,300",기타
379,브랜드 없음,[외갓집] 장항동 진심 열 순대국 700g X 2팩,"16,900",국류
380,브랜드 없음,(실온) [외갓집] 1978 사골곰탕 500g X 2팩,"5,500",기타
381,프레시지,호로록우삼겹떡볶이 2인분 + 매콤깻잎순대볶음 2인분(냉장),"20,900",밥/면류
382,프레시지,해물누룽지탕 2인분,"13,900",해물/생선류
383,아임셰프,얼큰 차돌 한우대창전골 770g,"23,900",전류
384,브랜드 없음,쭈꾸미도사 대창쭈꾸미볶음 1팩+양념쭈꾸미볶음 1팩,"29,900",밥/면류
385,코델리아,초밥재료 골라담기 10종 [+ 7종 기획세트 한정할인 ]/,"4,000",기타
386,ENTREE,앙트레 정통 밀푀유 나베 쿠킹박스 밀키트(2인분) 883g,"17,900",기타
387,브랜드 없음,[쿡솜씨] 우삼겹된장찌개 밀키트 2인분,"12,800",찌개류
388,브랜드 없음,[쿡솜씨] 매콤제육볶음 밀키트 2인분,"12,800",밥/면류
389,맛수러움,푸짐하게 담은 해물탕 2인분,"25,900",해물/생선류
390,맛수러움,바다를 품은 해삼알탕 1인분,"10,500",기타
391,쿡솜씨,해물오꼬노미야끼 밀키트 2인분,"14,800",해물/생선류
392,쿡솜씨,우삼겹숙주볶음 밀키트 2인분,"12,800",밥/면류
393,쿡솜씨,쓰촨마라탕 밀키트 2인분,"16,800",기타
394,프레시지,블랙라벨 홈파티 SET(블랙라벨스테이크+감바스알아히요+쉬림프로제파스타)(냉장),"42,900",기타
395,수다쟁이밥상,꽃미남쭈꾸미 양념쭈꾸미 600g x5팩 캠핑요리 간편식 밀키트 간편조리 저녁 메뉴,"94,737",기타
396,대상,청정원 안주야 대용량 5종 2개 골라담기,"20,280",기타
397,홍대쭈꾸미,500g 약간매운맛 4팩 수제양념 쭈꾸미볶음,"51,600",밥/면류
398,ENTREE,앙트레 블랙페퍼 스테이크 쿠킹박스 밀키트(2인분) 414g,"17,900",기타
399,VIPS,빕스 하와이안 찹스테이크 361g 2개 + 볶음밥 2종 (멕불) + 피자2종 (하고),"52,500",밥/면류
400,프레시지,흑백요리사 최현석 함박스테이크/스테이크/파스타/피자 외 BEST 밀키트 모음전,"44,550",전류
401,브랜드 없음,[대용량] 강원도 생감자로 만든 감자 칼국수/수제비/옹심이,"12,380",국류
402,웰리트,함박스테이크 크림파스타 밀키트 (2인분),"19,900",기타
403,웰리트,관동풍 스키야끼 소고기전골 밀키트 (2인분),"17,900",전류
404,웰리트,얼큰 우곱창전골 밀키트 (3인분),"24,900",전류
405,쿡솜씨,고추잡채와꽃빵 밀키트 2인분,"15,800",밥/면류
406,브랜드 없음,간편식 동결건조 바지락미역국(60g),"8,000",국류
407,브랜드 없음,[외갓집] 시골밥상 청국장찌개 600g X 3팩,"28,900",찌개류
408,브랜드 없음,[쿡솜씨] 매콤오징어볶음 밀키트 2인분,"12,800",밥/면류
409,기타,200도오븐에구운파이 메이플아몬드파이/호두파이 6입 2개 택,"16,900",기타
410,아임셰프,구수하고 담백한 고깃집 차돌된장찌개 400g (2인분),"15,900",찌개류
411,수다쟁이밥상,교동낙지 450gx4팩 캠핑요리 간편식 밀키트 간편조리 저녁 메뉴덮밥,"68,750",기타
412,아임셰프,진한 국물에 쫀득한 감자 수제비 밀키트 430g (2인분),"14,900",국류
413,브랜드 없음,쿠즈락앳홈 한입 스테이크 280g 30팩,"158,100",기타
414,더조은푸드,든든하게 쟁여놓자! 전통명인 찌개 3종 (고추장/된장/청국장찌개),"8,900",찌개류
415,쿠즈락앳홈,분모자 더 블랙찜닭 간장찜닭 캠핑음식 밀키트 850g,"16,900",찜류
416,맘마레시피,끼니키트 나물솥밥 조리키트 나물 리필 3종,"4,000",기타
417,프레시지,[심프라이스] 고기폭탄우육면 1인분,"13,000",기타
418,브랜드 없음,굿프랜즈 탕수육 1kg,"13,500",기타
419,우체국쇼핑,[진짜가나타났다] 안동인의 안동찜닭세트 4인분 1.8kg,"24,900",찜류
420,브랜드 없음,닭다리가 4개 들어있는 사다리닭볶음탕 2인분 1.15kg,"19,600",밥/면류
421,마루코메,컵미소시루 즉석 된장국 7종 택1,"2,200",국류
422,아임셰프,매콤한 빨간 국물 해물 짬뽕탕 385g (2인분),"14,900",국류
423,브랜드 없음,싱싱 오징어 야채 볶음 320g x 4팩 (덮밥용),"25,900",밥/면류
424,ENTREE,앙트레 스파이시 봉골레 쿠킹박스 밀키트(2인분) 754g EASY,"12,900",기타
425,아임셰프,상하이 소고기 마라샹궈 (2인분),"21,900",기타
426,사그담,[수제비법소스]30년전통 지장산 칡냉면,"9,900",전류
427,브랜드 없음,아워홈 온더고 로제파스타&미니함박 290g x12개,"65,800",기타
428,아임셰프,낙지 비빔칼국수 849g 밀키트,"16,900",국류
429,브랜드 없음,신림동 순대타운 양지순천집 백순대 2인분,"17,900",분식류
430,프레시지,든든밥상SET(진한도가니탕x2팩+광양식소불고기+매콤제육볶음),"31,600",밥/면류
431,브랜드 없음,농심 바몬드 매운맛 115g x10개,"26,220",기타
432,브랜드 없음,싱싱 꽃게 아귀탕 1kg (2~3인분),"17,900",기타
433,아임셰프,소고기 미역국 & 고기잡채 원팩 구성 밀키트 (2인분) 총 585g,"22,900",밥/면류
434,브랜드 없음,신림동 순대타운 양지순천집 백곱창 1인분,"13,900",분식류
435,브랜드 없음,속초오마니 쭈꾸미/낙지/쭈삼/낙삼 볶음 총1200g 모음전,"33,900",밥/면류
436,프레시지,theEASY 머쉬룸크림파스타 290g,"8,900",기타
437,쿡솜씨,치즈오꼬노미야끼 밀키트 2인분,"14,800",기타
438,웰리트,이탈리안 쉬림프 로제파스타 밀키트 (2인분),"19,900",기타
439,프레시지,[SSG단독] [프레시지] LA갈비세트1호 (LA갈비 4팩(2kg) + 직화스테이크 3팩),"85,900",고기류
440,프레시지,심프라이스 소고기팟타이 306g x4팩,"35,700",기타
441,브랜드 없음,[외갓집] 고랭지 김치찌개 500g X 3팩,"18,900",찌개류
442,브랜드 없음,[외갓집] 간단식단 닭가슴살 김치만두 180g X 3팩,"9,900",닭요리
443,브랜드 없음,[외갓집] 부산 돼지국밥 500g X 5팩,"28,500",국류
444,프레시지,소고기찹스테이크 2인분+마라탕512g (냉장 밀키트),"28,900",기타
445,아임셰프,바게트 콘치즈 646g 밀키트,"14,900",기타
446,브랜드 없음,쿠즈락앳홈 한입 스테이크 280g 10팩,"56,300",기타
447,쿡솜씨,돼지고기 두부찌개 2인분 밀키트,"13,800",찌개류
448,브랜드 없음,[단짠예찬] 양념 쭈꾸미 볶음 500g(쭈꾸미70%),"19,800",밥/면류
449,ENTREE,앙트레 고추 유린기 쿠킹박스 밀키트(2인분) 555g,"14,900",기타
450,브랜드 없음,[푸딩팩토리] 푸딩프렙 얼큰 동태탕 600g 명태곤이 북어육수 밀키트 간편조리세트,"11,800",기타
451,착한낙지,세트 6팩 손질낙지 6팩+양념 6팩,"39,900",기타
452,브랜드 없음,용두동 할매 쭈꾸미 400g x 3개,"43,900",기타
453,홍대쭈꾸미,홍대 쭈꾸미삼겹살 420g 3팩 수제양념 쭈꾸미볶음,"35,910",밥/면류
454,올인원마켓,(7206810) 3분 햄버그 스테이크 150g,"3,350",기타
455,브랜드 없음,[푸딩팩토리] 푸딩프렙 토마토 해장파스타 330g 밀키트 얼큰하게 속 풀리는 안주형 스파게티,"7,900",기타
456,브랜드 없음,[외갓집] 소갈비탕 650g X 4팩,"23,900",고기류
457,브랜드 없음,(실온) [외갓집] 1978 도가니탕 500g X 2팩,"18,500",기타
458,브랜드 없음,(실온) [외갓집] 1978 고기곰탕 500g X 5팩,"30,900",기타
459,기타,[한인한식] 뚝딱 뚝배기 불고기 400g X 5팩,"24,900",고기류
460,브랜드 없음,[외갓집] 장항동 진심 순대국 700g X 4팩,"30,900",국류
461,브랜드 없음,[외갓집] 고기곰탕 500g X 2팩,"9,900",기타
462,브랜드 없음,[외갓집] 착한 제주 돼지 간장불고기 120g X 5팩,"19,900",고기류
463,프레시지,가자미구이 130g x4팩,"25,900",구이류
464,프레시지,갈치구이 100g x4팩,"33,500",구이류
465,브랜드 없음,1분30초 초간단 골라담는 덮밥 3종 160g 3팩 쭈꾸미 낙지 오징어 매콤,"17,900",기타
466,브랜드 없음,[외갓집] 진심 육개장 600g X 5팩,"23,500",기타
467,브랜드 없음,[외갓집] 진심 갈비탕 650g X 3팩,"18,500",고기류
468,브랜드 없음,[외갓집] 부산 돼지국밥 500g X 3팩,"17,500",국류
469,기타,[한인한식] 1978 쓰촨 마라탕 매운맛 600g X 3팩,"32,500",기타
470,브랜드 없음,[뭇나] 한우 사태살 듬뿍 갈비탕 600g 3팩,"23,800",고기류
471,브랜드 없음,[뭇나] 살코기 듬뿍 소갈비찜 600g 2팩 외 한우 불고기/한우 갈비탕/한우 고기곰탕,"29,700",고기류
472,브랜드 없음,[푸딩팩토리] 푸딩프렙 우삼겹 쫄면 순두부용 키트 450g 우동나베 밀키트 간편조리세트,"12,800",기타
473,브랜드 없음,[푸딩팩토리] 푸딩프렙 우삼겹짜글이 340g 고깃집짜글이 밥도둑 안주킬러 밀키트 간편조리세트,"12,500",기타
474,브랜드 없음,[우정제면소] 멸치맛 수제비 12인분세트 (생수제비2kg+스프12봉),"15,500",기타
475,프레시지,최현석의 한돈한우 트러플크림함박스테이크 180g x5팩 (소비기한2025-04-23),"32,500",기타
476,수다쟁이밥상,꽃미남쭈꾸미 양념쭈꾸미 600g x2팩 캠핑요리 간편식 밀키트 간편조리 저녁메뉴,"39,737",기타
477,브랜드 없음,천호 쭈꾸미 볶음 300g 3봉,"29,900",밥/면류
478,브랜드 없음,바다가득 문어솥밥,"19,280",기타
479,브랜드 없음,하니칼국수 새우칼국수 402g,"9,900",국류
480,바다자리,얼큰한 문어해물탕 3-4인분1.5kg 꽃게 곤이 알 소스 등 포함 해물탕세트,"21,500",해물/생선류
481,대양푸드,실속 대용량 알싸한 고추냉이잎 장아찌 절임 2kg,"16,900",기타
482,송쭈집,프리미엄 양념 쭈꾸미 볶음 500g 3팩 파격 구성,"47,900",밥/면류
483,프레시지,홈자카야SET(밀푀유나베+차돌박이숙주볶음+소고기야끼소바)(냉장밀키트),"49,900",밥/면류
484,프레시지,고향집밥SET(고깃집된장찌개+소고기버섯잡채+서울식불고기전골)(냉장),"38,700",찌개류
485,프레시지,선물세트 5호(LA갈비4팩+도가니탕2팩+직화2팩)_A11,"109,900",고기류
486,프레시지,뜨끈밥상SET(한우설렁탕x2팩+광양식소불고기+매콤제육볶음),"31,600",밥/면류
487,브랜드 없음,[쿡솜씨] 들깨백순대볶음 밀키트 2인분,"12,800",밥/면류
488,프레시지,부채살 3종 맛보기SET(블랙라벨x2+부채살x2+페퍼x2),"79,900",기타
489,프레시지,호로록우삼겹떡볶이 2인분x2팩 + 매콤깻잎순대볶음 2인분(냉장),"33,900",밥/면류
490,아이홈푸드,[우정제면소] 들깨 수제비 12인분세트 (생수제비2kg+들깨가루12봉),"20,500",기타
491,쿡솜씨,시래기코다리조림 밀키트 2인분,"15,800",기타
492,브랜드 없음,용두동 할매 낙지 400g x 3개,"47,900",기타
493,프레시지,최현석의 대왕소갈비찜 1500g (소비기한2025-01-11),"40,000",고기류
494,사조,24/7 매콤 쫄깃한 주꾸미철판볶음 350g X 5,"40,700",밥/면류
495,브랜드 없음,싱싱 고등어 김치조림 400g x 4팩,"24,900",기타한식류
496,브랜드 없음,싱싱 쭈꾸미 야채 볶음 320g x 4팩 (덮밥용),"25,900",밥/면류
497,프레시지,theEASY 미트볼라구파스타 310g,"8,900",기타
498,브랜드 없음,싱싱 알탕 1kg x 2팩,"32,900",기타
499,프레시지,블랙라벨스테이크 + 감바스알하이요 (냉장),"42,700",기타
500,프레시지,자이언트부대찌개 2인분(냉장),"15,900",찌개류
501,맛수러움,바다가득 해물폭탄찜 2-3인분 해물찜 쿠킹박스/밀키트,"33,900",찜류
502,프레시지,차돌박이숙주볶음 2인분+소고기 야끼소바 2인분+짬뽕 순두부 찌개(냉장),"39,900",찌개류
503,프레시지,블랙라벨스테이크 2인분x2팩 4인분 (냉장),"37,800",기타
504,프레시지,서울식불고기전골 2인분+짬뽕순두부찌개+차돌박이 숙주볶음(냉장),"30,900",찌개류
505,프레시지,장칼국수+소고기 야끼소바 (냉장),"19,900",국류
506,브랜드 없음,CJ 고메 냉동 함박스테이크 540g 1개+치즈 함박스테이크 465g 1개,"22,900",기타
507,브랜드 없음,신림동 순대타운 양지순천집 양념 곱창볶음(순대X),"13,900",밥/면류
508,브랜드 없음,고기말이 손말이고기 밀키트 (소스 포함) 삼겹대파말이 / 삼겹새우말이,"10,900",기타
509,브랜드 없음,양념 쭈꾸미볶음 300gX3팩 4팩 (보통매운맛/매운맛),"26,900",밥/면류
510,홍대쭈꾸미,300g 매운맛 6팩 수제양념 쭈꾸미볶음,"48,400",밥/면류
511,브랜드 없음,[외갓집] 간단식단 닭가슴살 고기만두 180g X 6팩,"18,900",닭요리
512,홍대쭈꾸미,500g 매운맛 4팩 수제양념 쭈꾸미볶음,"51,600",밥/면류
513,브랜드 없음,[푸딩팩토리] 얼큰 가마보꼬 어묵탕 340g 꼬치어묵 오뎅탕 집들이오뎅탕 캠핑국물요리,"8,900",국류
514,브랜드 없음,코다노 회오리 감자700g(70g10개입) 감자 국내산+ 치즈시즈닝10g20개입,"39,900",국류
515,브랜드 없음,[외갓집] 장항동 진심 순대국 700g X 2팩,"15,900",국류
516,브랜드 없음,[외갓집] 진심 갈비탕 650g X 5팩,"29,900",고기류
517,프레시지,캠핑한상SET(김치어묵우동전골+갈릭스테이크+감바스),"32,700",전류
518,브랜드 없음,[외갓집] 진부령 황태 해장국 600g X 5팩,"29,900",국류
519,브랜드 없음,얼큰 매운 만두전골 밀키트 1kg,"17,900",전류
520,사조,24/7 매콤 쫄깃한 주꾸미철판볶음 350g X 2,"17,500",밥/면류
521,프레시지,한입LA갈비 / 직화스테이크 모음,"16,290",고기류
522,브랜드 없음,[외갓집] 속초식 닭강정 매콤달콤양념 650g X 2팩,"29,900",닭요리
523,VIPS,빕스 원팬 파스타 2종 (로제+까) + 볶음밥 2종 (멕불) + 피자2종 (하고),"42,900",밥/면류
524,브랜드 없음,[외갓집] 시골밥상 청국장찌개 600g X 4팩,"38,500",찌개류
525,아임셰프,블랙페퍼 부채살 스테이크 (2인분),"20,900",기타
526,쿡솜씨,삼합짜글이찌개 밀키트 2인분,"14,800",찌개류
527,브랜드 없음,"[효뽀끼] 초간편 쌀떡볶이(어묵,만두포함)2인분 6팩","39,900",분식류
528,청정원,호밍스 밀키트  궁중식 간장양념 찜닭 670g x2개,"27,800",찜류
529,하늘농가,냉동 산채비빔밥_간장 4팩,"18,000",밥/면류
530,브랜드 없음,[쿡솜씨] 제육짜글이찌개 밀키트 2인분,"12,800",찌개류
531,브랜드 없음,[쿡솜씨] 담양청국장 밀키트 2인분,"12,800",국류
532,사그담,30년전통 지장산 칡냉면 비빔냉면 2인분,"9,900",전류
533,브랜드 없음,[푸딩팩토리] 매콤 우삼겹 해물볶음우동 617g 야끼소바 캠핑요리 안주 든든한끼,"13,900",밥/면류
534,브랜드 없음,[빅마마이혜정] 아주 맛있는 삼겹쭈꾸미 400g x 5팩,"51,900",기타
535,프레시지,바질크림 빠네 파스타 2인분,"11,900",기타
536,ENTREE,앙트레 감바스 알 아히요 + 바게뜨빵 포함 쿠킹박스 밀키트(2인분) 369g,"15,900",기타
537,브랜드 없음,[웰리트]혼자즐기는 미니 밀푀유나베 밀키트 (1~2인분),"19,500",기타
538,홍대쭈꾸미,300g 약간매운맛 2팩+매운맛 2팩 수제양념 쭈꾸미볶음,"33,800",밥/면류
539,브랜드 없음,[웰리트]야채품은 밀푀유나베 밀키트 (3인분),"34,200",기타
540,브랜드 없음,잇츠베러 마라탕 밀키트 캠핑음식 캠핑 간편 요리 두부국수 콩단백면 2인분 115g,"7,000",국류
541,프레시지,최현석 규카츠 120g x5팩,"49,500",기타
542,브랜드 없음,[밀본] 시그니처 칼국수 500g,"12,900",국류
543,프레시지,자이언트부대찌개 2인분+짬뽕순두부 찌개 2인분+마라탕 2인분(냉장),"38,900",찌개류
544,식탁이야기,[1936육개장터] 소곱창전골/낙곱새/곱도리탕 골라담기,"29,900",전류
545,브랜드 없음,[외갓집] 두마리 코다리조림 1.2Kg X 3팩,"61,500",기타
546,브랜드 없음,[외갓집/더명작] 강남 모둠소국밥 800g X 3팩,"40,900",국류
547,사그담,[르비스트로]이탈리안 정통 가정식 트러플버섯크림 라자냐,"19,900",기타
548,웰리트,추억의 냄비 즉석 떡볶이 밀키트 (2인분),"10,900",분식류
549,브랜드 없음,편스토랑 진또배기 매운 마늘고기찜,"18,000",찜류
550,웰리트,매콤한 우삼겹 즉석 떡볶이 밀키트 (2인분),"21,900",분식류
551,쿡솜씨,우삼겹순두부찌개 밀키트 2인분,"12,800",찌개류
552,웰리트,정통 미국식 수제 치즈 햄버거 밀키트 (3인분),"21,900",국류
553,쿡솜씨,해물된장찌개 밀키트 2인분,"12,800",찌개류
554,ENTREE,앙트레 마라감바스 쿠킹박스 밀키트(2인분) 630g,"15,900",기타
555,프레시지,마라탕 (2인분) 냉장밀키트,"16,900",기타
556,프레시지,장칼국수 2인분 (냉장),"10,900",국류
557,브랜드 없음,[외갓집] 장항동 진심 열 순대국 700g X 4팩,"32,900",국류
558,브랜드 없음,[외갓집] 간단식단 닭가슴살 김치만두 180g X 4팩,"12,900",닭요리
559,브랜드 없음,[외갓집] 아질산나트륨 무첨가 저먼제로 비엔나 700g X 5팩,"66,500",기타
560,브랜드 없음,[외갓집] 속초식 닭강정 마늘간장양념 650g X 2팩,"29,900",닭요리
561,브랜드 없음,[외갓집] 아질산나트륨 무첨가 저먼제로 비엔나 700g X 3팩,"40,500",기타
562,아임셰프,차돌 된장찌개 (2인분),"17,900",찌개류
563,아임셰프,고기듬뿍 시골김치찌개 (2인분),"17,900",찌개류
564,브랜드 없음,농심 바몬드 순한맛 115g x10개,"26,220",기타
565,프레시지,최현석 한돈한우 바질토마토 함박스테이크 180g x10팩 (소비기한2025-04-21),"65,000",기타
566,프레시지,가자미구이 130g,"9,000",구이류
567,브랜드 없음,코다노 회오리 감자700g(70g10개입) 감자 국내산+ 치즈시즈닝10g 30개입,"55,900",국류
568,강원더몰,양구재래식손두부 짜박두부소스 170g 선물용10개입,"29,000",기타
569,브랜드 없음,(실온) [외갓집] 1978 도가니탕 500g X 3팩,"27,500",기타
570,브랜드 없음,[외갓집/더명작] 한우 미역국 600g X 4팩,"26,900",국류
571,브랜드 없음,[외갓집] 부산 돼지국밥 500g X 4팩,"22,900",국류
572,브랜드 없음,[외갓집/더명작] 강남 모둠소국밥 800g X 2팩,"27,900",국류
573,브랜드 없음,싱싱 시래기 코다리 조림 600g (1~2인분),"13,900",기타
574,브랜드 없음,싱싱 녹두 빈대떡 반죽 1kg,"18,900",전류
575,아임셰프,마라 가리비찜  밀키트 453g 캠핑 직화용기 제공,"16,900",찜류
576,마루코메,미소시루 일본 즉석 된장국 9종 택1,"2,500",국류
577,쿡솜씨,동태탕 밀키트 2인분,"12,800",기타
578,브랜드 없음,싱싱 쭈꾸미 야채 볶음 320g x 2팩 (덮밥용),"13,900",밥/면류
579,브랜드 없음,[외갓집] 저먼 제로 부어스트 소시지 1kg X 1팩,"20,900",기타
580,CJ제일제당,[본사배송][밀키트] 비비고 스팸부대전골 690g X 2개,"29,960",전류
581,프레시지,바질크림빠네파스타 2인분 x 2팩 4인분 (냉장),"25,800",기타
582,프레시지,블랙라벨스테이크 2인분 + 쉬림프로제파스타 2인분 (냉장),"29,900",기타
583,프레시지,차슈 돈코츠라멘 200g x6팩,"42,900",기타
584,프레시지,캠핑포차 꼬치어묵탕 2인분,"12,900",기타
585,프레시지,우삼겹순두부찌개 2인분x2팩 4인분(냉장),"15,900",찌개류
586,프레시지,호로록우삼겹떡볶이 2인분+매콤깻잎순대볶음 2인분+장 칼국수 2인분(냉장),"35,900",밥/면류
587,프레시지,[SSG단독] [프레시지] LA갈비세트2호 (LA갈비 3팩(1.5kg) + 직화스테이크 3팩 + 도가니탕 2팩),"82,900",고기류
588,브랜드 없음,"샤브하루 샤브샤브 밀키트 3종 (칼국수, 찍먹소스 3종 포함)","15,900",국류
589,기타,[한인한식] 육개장 600g X 4팩,"14,900",기타
590,프레시지,[심프라이스] 매운떡볶이 500g,"11,000",분식류
591,브랜드 없음,잇투헤븐 팔당 불 오징어 매운 오징어 볶음 400g 2/4/6세트 선택,"19,900",밥/면류
592,브랜드 없음,속초 수제반찬 낙지볶음 900g[300gx3팩],"25,900",밥/면류
593,브랜드 없음,김수미그때그맛 김수미 매운 낙지/쭈꾸미 볶음 300g 4팩/8팩,"37,900",밥/면류
594,프레시지,육즙가득 스테이크 모음,"13,900",기타
595,브랜드 없음,Maggi 매기 토마토 애호박 그라탕 33g,"4,980",기타
596,수다쟁이밥상,또순이네 철판 떡볶이 460g x 2팩 분식 간편조리식품 아이간식 양념떡볶이 즉석떡볶이,"15,125",분식류
597,아임셰프,닭 한마리 전골 1840g 밀키트,"22,900",전류
598,아임셰프,낙지 넣은 부추 부침개 680g 밀키트,"20,900",기타
599,브랜드 없음,[외갓집] 사골곰탕 500g X 5팩,"12,900",기타
600,신세계푸드,YWE 유아왓유잇 베스트세트 자장면+브리또+스파게티,"28,780",기타
601,프레시지,알찬분식SET(호로록우삼겹떡볶이+신림동백순대볶음+[캠핑포차]꼬치어묵탕)(냉장),"36,700",밥/면류
602,브랜드 없음,[빅마마이혜정] 아주 맛있는 삼겹쭈꾸미 3팩 + 쫄깃쭈꾸미 2팩,"53,900",기타
603,프레시지,바를정육 한입LA갈비 500gx4팩,"64,900",고기류
604,브랜드 없음,하남쭈꾸미 350g 6팩,"49,900",기타
605,브랜드 없음,쿠즈락앳홈 한입 스테이크 280g 24팩,"128,000",기타
606,기타,[한인한식] 육개장 600g X 3팩,"11,900",기타
607,브랜드 없음,[푸딩팩토리] 푸딩프렙 곤이듬뿍 알탕 510g 푸짐한 촉촉 쫄깃 알고니 간편 밀키트,"12,800",기타
608,브랜드 없음,[푸딩팩토리] 푸딩프렙 나쵸 토핑! 텍사스 칠리 콘 카르네 250g 멕시코요리 이색안주,"9,400",기타
609,브랜드 없음,[웰리트]9가지 해초 양지 쌀국수 밀키트 (3인분),"22,900",국류
610,프레시지,최현석의 우삼겹마라크림짬뽕 677g x4팩,"67,600",기타
611,프레시지,짬뽕순두부찌개x2 (냉장),"21,800",찌개류
612,브랜드 없음,[푸딩팩토리] 푸딩프렙 해물 토마토탕 280g 해장 토마토스튜 밀키트 간편조리세트,"11,800",해물/생선류
613,브랜드 없음,[푸딩팩토리] 푸딩프렙 들기름쫄면 400g 들기름막국수 쫄면버전!,"11,800",전류
614,브랜드 없음,[푸딩팩토리] 푸딩프렙 우삼겹 야끼소바 430g 밀키트 오리엔탈 퓨전일식 볶음우동,"11,800",밥/면류
615,브랜드 없음,[우정제면소] 맑은해물맛 수제비 6인분세트 (생수제비1kg+스프6봉),"10,900",해물/생선류
616,브랜드 없음,[푸딩팩토리] 술찜용 모듬조개탕 370g 특제소스 소주안주 국물요리 손질조개 홈술 포차,"9,900",찜류
617,아임셰프,일품 중식 요리 해물 누룽지탕 380g (2인분),"15,900",해물/생선류
618,브랜드 없음,피코크 밀키트 상품 모음,"19,800",기타
619,비비수산,손질낙지 절단낙지 (500g),"7,500",기타
620,브랜드 없음,"아마노푸드 조미료무첨가,재첩,돈지루 된장국 3종 택1","2,900",국류
621,굿커머스,[산애뜰] 맛있는 버섯야채밥 2~3인분(2개입) 3개,"22,900",기타
622,아이홈푸드,[우정제면소] 멸치맛 수제비 6인분세트 (생수제비1kg+스프6봉),"9,900",기타
623,보섭이네푸드,"초가1999 소불고기 전골 1.6kg(대,1팩)","52,500",고기류
624,아임셰프,안동식 순살 매콤 찜닭 2인분 밀키트,"17,900",찜류
625,자연미가,청정양구 펀치볼 배추우거지 1.2kg(300gx4팩) / 냉동밀봉포장. 부드럽고 구수한 고랭지 우거지. 다양한 음식에 첨가 감자탕 나물 우거지국,"16,800",국류
626,아임셰프,우사골 소고기 마라탕 (2인분),"18,900",기타
627,사그담,30년전통 지장산 칡냉면 물냉면 4인분,"18,900",전류
628,브랜드 없음,닭다리가 4개 들어있는 사다리간장찜닭 2인분 1100g,"19,600",찜류
629,프레시지,블랙라벨스테이크 2인분 + 바질크림빠네파스타 2인분 (냉장),"29,900",기타
630,마루코메,미소시루 아와세 즉석 된장국 12개입,"4,500",국류
631,브랜드 없음,복원 홍소우육면 대만라면 밀키트 우육탕면,"8,500",기타
632,밀팡,순살 닭도리탕 밀키트 2인분,"14,900",닭요리
633,사그담,이남장 설렁탕 550g 4개,"42,900",기타
634,프레시지,안일옥 진한 도가니탕 650g,"9,900",기타
635,아임셰프,순살 바지락 칼국수 674g 밀키트,"17,900",국류
636,프레시지,[심프라이스] 마라탕면 1인분,"13,000",기타
637,프레시지,theEASY 감바스 300g,"9,900",기타
638,BIBS,[빕스] 시그니처 스테이크 3종 2팩,"29,800",기타
639,홈쿡,똠양꿍 밀키트 똠양쌀국수 2인분 똠얌꿍 860g,"15,200",국류
640,브랜드 없음,[외갓집/더명작] 양평해장국 800g X 3팩,"31,500",국류
641,브랜드 없음,싱싱 낙지 야채 볶음 320g x 2팩 (덮밥용),"13,900",밥/면류
642,브랜드 없음,싱싱 쭈꾸미 야채 볶음 320g x 3팩 (덮밥용),"19,900",밥/면류
643,프레시지,블랙라벨스테이크 2인분 + 바질크림빠네파스타 2인분 (냉장),"29,900",기타
644,아임셰프,한우 대창 모츠나베 / 대창 전골 밀키트 (2인분) 738g 캠핑 직화용기 제공,"23,900",전류
645,브랜드 없음,닭다리가 4개 들어있는 사다리간장찜닭 2인분 1100g,"19,600",찜류
646,아임셰프,안동식 순살 매콤 찜닭 2인분 밀키트,"17,900",찜류
647,아임셰프,담백하고 진한 돼지고기 김치찌개 410g (2인분),"14,900",찌개류
648,BIBS,[빕스] 시그니처 스테이크 3종 2팩,"29,800",기타
649,브랜드 없음,간편식 동결건조 바지락된장국(95g),"12,000",국류
650,브랜드 없음,뭇나 프리미엄 투뿔 한우 살코기 갈비탕 600g 3팩,"31,900",고기류
651,브랜드 없음,[외갓집] 진심 소내장탕 700g X 4팩,"32,900",기타
652,브랜드 없음,[외갓집] 고기곰탕 500g X 3팩,"14,500",기타
653,브랜드 없음,[푸딩팩토리] 푸딩프렙 스키야끼나베 470g 일본식 소고기전골 우동포함 이자카야 밀키트,"15,900",전류
654,수다쟁이밥상,또순이네 철판 떡볶이 460g x 4팩 분식 간편조리식품 아이간식 양념떡볶이 즉석떡볶이,"33,275",분식류
655,프레시지,최현석의 한돈한우 트러플크림함박스테이크 180g x10팩 (소비기한2025-04-23),"65,000",기타
656,브랜드 없음,(실온) [외갓집] 1978 사골곰탕 500g X 4팩,"9,900",기타
657,VIPS,빕스 원팬 파스타 3종 세트(명란까르보나라+쉬림프로제+볼로네제),"34,900",기타
658,브랜드 없음,[푸딩팩토리] 푸딩프렙 오지 치즈 프라이 390g 패밀리 레스토랑 히트 메뉴 밀키트,"12,900",기타
659,브랜드 없음,[외갓집] 저먼 제로 부어스트 소시지 1kg X 2팩,"40,900",기타
660,브랜드 없음,[푸딩팩토리] 얼큰김치수제비 350g 비오는날 얼큰한 메뉴 식사대용 밀키트,"7,900",기타한식류
661,브랜드 없음,[외갓집/더명작] 한우 미역국 600g X 5팩,"33,500",국류
662,브랜드 없음,[외갓집] 진심 우거지 갈비탕 650g X 2팩,"15,500",고기류
663,브랜드 없음,속초 수제반찬 쭈꾸미볶음 900g[300gx3팩],"25,900",밥/면류
664,브랜드 없음,[외갓집] 진심 우거지 갈비탕 650g X 3팩,"22,500",고기류
665,브랜드 없음,[외갓집] 착한 제주 돼지 간장불고기 120g X 2팩,"8,900",고기류
666,브랜드 없음,복원 홍소우육면 대만라면 밀키트 우육탕면,"8,500",기타
667,브랜드 없음,용두동 할매 쭈꾸미 300g,"14,000",기타
668,ENTREE,앙트레 고소한 누룽지 삼계탕 쿠킹박스 밀키트(2인분) 1506g,"17,900",기타
669,프레시지,가자미구이 130g x2팩,"13,800",구이류
670,아임셰프,미국 남부식 보일링 씨푸드 / 미국식 봉지 해물찜 밀키트 (2인분) 718g 캠핑 직화용기,"18,900",찜류
671,프레시지,삼치구이 70g x2팩,"13,800",구이류
672,브랜드 없음,[우정제면소] 들깨 수제비 6인분세트 (생수제비1kg+들깨가루6봉),"12,900",기타
673,아이홈푸드,[우정제면소] 맑은해물맛 수제비 12인분세트 (생수제비2kg+스프12봉),"14,500",해물/생선류
674,브랜드 없음,[푸딩팩토리] 푸딩프렙 중화고추잡채 350g 꽃빵까지 완벽구성 밀키트 간편조리세트,"11,800",밥/면류
675,프레시지,홈파티 등심찹스테이크 2팩 외 BEST 밀키트 모음전,"35,180",전류
676,브랜드 없음,양지팔당닭발 매운 오징어 볶음 덜매운맛 400g×3팩,"39,900",밥/면류
677,브랜드 없음,500gx5팩(보통매운맛3팩+매운맛2팩),"63,900",기타
678,브랜드 없음,[푸딩팩토리] 푸딩프렙 황제 해물누룽지탕 350g 튀긴찹쌀누룽지 밀키트 간편조리세트,"11,800",해물/생선류
679,프레시지,갈치구이 100g x2팩,"17,800",구이류
680,브랜드 없음,500gx5팩 (매운맛),"63,900",기타
681,브랜드 없음,[우정제면소] 들깨 수제비 12인분세트 (생수제비2kg+들깨가루12봉),"20,900",기타
682,싱싱(하프클럽),시래기 코다리조림 600g x 2팩,"26,900",기타
683,브랜드 없음,[푸딩팩토리] 푸딩프렙 소세지 야채볶음 260g 그시절 쏘야안주 간편 밀키트,"8,900",밥/면류
684,홍대쭈꾸미,홍대낙지 300g 4팩 수제양념 낙지볶음,"35,100",밥/면류
685,브랜드 없음,[외갓집] 속초식 닭강정 매콤달콤양념 650g X 3팩,"44,500",닭요리
686,브랜드 없음,[푸딩팩토리] 푸딩프렙 마라 해물누룽지탕 350g 튀긴찹쌀누룽지 밀키트 간편조리세트,"11,800",해물/생선류
687,브랜드 없음,김포 운양동 맛집 위풍당당쭈꾸미 500g,"23,500",기타
688,밀팡,마라 새우 감바스 알아히요 밀키트 2인분,"12,900",기타
689,브랜드 없음,신림동 순대타운 양지순천집 백순대 3인분,"27,900",분식류
690,쿡솜씨,마파두부 밀키트 2인분,"13,800",기타
691,올인원마켓,(7206800) 3분 미트볼 150g,"3,350",기타
692,프레시지,신림동백순대볶음 2인분x2팩 4인분 +매콤깻잎순대볶음 2인x2팩 4인분(냉장),"36,900",밥/면류
693,프레시지,쉬림프로제파스타 2인분x2팩 4인분(냉장),"21,900",기타
694,쿡솜씨,돼지고기두부찌개 밀키트 2인분,"13,800",찌개류
695,아임셰프,피자 블루밍 퀘사디아,"20,900",기타
696,아임셰프,허니 갈릭 보일링 씨푸드 / 미국식 봉지 해물찜 밀키트 (2인분) 780g 캠핑 직화용기 제공,"18,900",찜류
697,쿡솜씨,안동찜닭 밀키트 2인분,"12,800",찜류
698,프레시지,탐나는밥상 순살찜닭 2인분,"10,900",찜류
699,쿡솜씨,야채쫄면 1인분 밀키트,"8,800",기타
700,프레시지,서울식불고기전골 2인분+짬뽕순두부찌개(냉장),"21,900",찌개류
701,프레시지,밀푀유나베 2인분 +차돌박이숙주볶음 2인분 (냉장),"27,900",밥/면류
702,굿커머스,[산애뜰] 맛있는 버섯야채밥 2~3인분(2개입),"11,900",기타
703,ENTREE,앙트레 눈꽃치즈 닭갈비 쿠킹박스 밀키트(2인분) 780g,"17,500",고기류
704,사그담,30년전통 지장산 칡냉면 물냉면 2인분,"9,900",전류
705,브랜드 없음,[맘스킹]속초오마니 쭈꾸미/낙지/쭈삼/낙삼 볶음 총600g 모음전,"19,900",밥/면류
706,브랜드 없음,잇투헤븐 매운 팔당 불오징어삼겹 320g 2/4/6세트 선택,"19,900",기타
707,주식회사 카우보이그릴,[카우보이그릴]텍사스 바베큐 참나무 훈연 브리스킷 200g,"25,000",기타
708,주식회사 카우보이그릴,[카우보이그릴]텍사스 바베큐 참나무 훈연 자이언트 척립 480g,"67,200",기타
709,싱싱(하프클럽),시래기 코다리조림 600g,"13,900",기타
710,브랜드 없음,샤브하루 불 칼국수 밀키트 2인분,"11,900",국류
711,식탁이야기,여름맞이 건강보양식 해신탕 4~5인분 / 초계냉면 2인분,"45,910",기타
712,프레시지,홈파티 베스트 A SET (블랙라벨스테이크+밀푀유나베+차돌박이숙주볶음) (냉장),"41,900",밥/면류
713,브랜드 없음,잇츠온 밀키트_프라임 스테이크,"30,900",기타
714,웰리트,추억의 쟁반 즉석 떡볶이 밀키트 (2인분),"9,900",분식류
715,웰리트,매콤한 우삼겹 냄비 떡볶이 밀키트 (2인분),"22,900",분식류
716,아임셰프,얼큰 대구 알탕 밀키트 420g (2인분),"14,900",기타
717,우체국쇼핑,송점숙 자연산 간장새우장 200g*2병,"21,900",기타
718,브랜드 없음,잇츠온 밀키트_부채살 찹 스테이크 키트,"22,500",기타
719,토종마을,(웰리트)혼자즐기는 미니 밀푀유나베 밀키트(1~2인분),"19,500",기타
720,ENTREE,앙트레  트러플 크림 치즈 뇨끼 쿠킹박스 밀키트(1인분) 475g,"12,900",기타
721,싱싱(하프클럽),시래기 코다리조림 600g x 2팩,"26,900",기타
722,브랜드 없음,[푸딩팩토리] 푸딩프렙 소세지 야채볶음 260g 그시절 쏘야안주 간편 밀키트,"8,900",밥/면류
723,브랜드 없음,[우정제면소] 들깨 수제비 12인분세트 (생수제비2kg+들깨가루12봉),"20,900",기타
724,홍대쭈꾸미,홍대낙지 300g 4팩 수제양념 낙지볶음,"35,100",밥/면류
725,브랜드 없음,[푸딩팩토리] 푸딩프렙 마라 해물누룽지탕 350g 튀긴찹쌀누룽지 밀키트 간편조리세트,"11,800",해물/생선류
726,브랜드 없음,500gx5팩 (매운맛),"63,900",기타
727,브랜드 없음,(실온) [외갓집] 1978 도가니탕 500g X 5팩,"43,500",기타
728,브랜드 없음,[외갓집] 진부령 황태 해장국 600g X 4팩,"24,900",국류
729,브랜드 없음,[외갓집] 간단식단 닭가슴살 고기만두 180g X 4팩,"12,900",닭요리
730,브랜드 없음,[외갓집] 진심 소내장탕 700g X 5팩,"39,900",기타
731,브랜드 없음,잇투헤븐 매운 팔당 불오징어삼겹 320g 2/4/6세트 선택,"19,900",기타
732,브랜드 없음,[푸딩팩토리] 푸딩프렙 황제 해물누룽지탕 350g 튀긴찹쌀누룽지 밀키트 간편조리세트,"11,800",해물/생선류
733,식탁이야기,여름맞이 건강보양식 해신탕 4~5인분 / 초계냉면 2인분,"45,910",기타
734,브랜드 없음,[외갓집] 속초식 닭강정 매콤달콤양념 650g X 3팩,"44,500",닭요리
735,브랜드 없음,김포 운양동 맛집 위풍당당쭈꾸미 500g,"23,500",기타
736,프레시지,블랙라벨스테이크 2인분x3팩 6인분(냉장),"56,700",기타
737,브랜드 없음,[푸딩팩토리] 푸딩프렙 우삼겹 숙주볶음용 키트 230g_이자카야 10분완성! 간편 밀키트,"12,800",밥/면류
738,브랜드 없음,[우정제면소] 멸치맛 수제비 18인분세트 (생수제비3kg+스프18봉),"20,900",기타
739,아이홈푸드,[우정제면소] 멸치맛 수제비 12인분세트 (생수제비2kg+스프12봉),"14,500",기타
740,브랜드 없음,[외갓집] 진심 갈비탕 650g X 4팩,"24,500",고기류
741,브랜드 없음,[외갓집] 진심 우거지 갈비탕 650g X 4팩,"29,900",고기류
742,브랜드 없음,[외갓집] 진부령 황태 해장국 600g X 3팩,"18,900",국류
743,브랜드 없음,[외갓집] 뚝배기 불고기 500g X 5팩,"36,900",고기류
744,브랜드 없음,[외갓집] 뚝배기 불고기 500g X 4팩,"29,900",고기류
745,브랜드 없음,[외갓집/더명작] 바른 한우 사골곰탕 500g X 5팩,"21,900",기타
746,프레시지,가시제거직화순살고등어구이 75g x6팩,"24,600",구이류
747,프레시지,고등어구이 100g,"9,000",구이류
748,브랜드 없음,[오티삼립]냉동 시티델리 단짠단짠규동 259g 12개,"88,000",기타
749,아워홈,[푸른들마켓][아워홈] 온더고 로제파스타 미니함박 290g,"5,900",기타
750,아임셰프,새우 크림 빠네 파스타 (2인분),"20,900",기타
751,브랜드 없음,[쿡솜씨] 깻잎매콤순대볶음 밀키트 2인분,"12,800",밥/면류
752,브랜드 없음,아워홈 온더고 로제파스타&미니함박 290g x6개,"33,400",기타
753,브랜드 없음,용두동 할매 낙지 400g x 2개,"33,900",기타
754,브랜드 없음,[맘스킹]속초오마니 쭈꾸미/낙지/쭈삼/낙삼 볶음 모음전,"11,900",밥/면류
755,수다쟁이밥상,"교동낙지 450gx2팩 / 꽃미남양념쭈꾸미 600g x 3팩 / 역전닭갈비 500g x 2팩 저녁메뉴, 간편식, 밀키트","29,700",고기류
756,브랜드 없음,[푸딩팩토리] 푸딩프렙 얼큰 우삼겹 우동나베 460g 밀키트 간편조리세트,"11,800",기타
757,브랜드 없음,[푸딩팩토리] 감바스 302g 냉동원팩 밀키트 간편조리세트 (면세),"9,900",기타
758,브랜드 없음,[외갓집] 간단식단 닭가슴살 김치만두 180g X 6팩,"18,900",닭요리
759,홍대쭈꾸미,300g 약간매운맛 4팩 수제양념 쭈꾸미볶음,"33,800",밥/면류
760,기타,[한인한식] 1978 쓰촨 마라탕 매운맛 600g X 5팩,"52,900",기타
761,청춘농장,신림동 순대타운 백순대/양념순대 순대 볶음 2인 구성별 모음전,"16,440",밥/면류
762,브랜드 없음,[2개 구성]맛있게 매운 쭈꾸미 볶음 300g+300g,"19,900",밥/면류
763,송쭈집,국산 한약재가 들어간 프리미엄 등급 쭈꾸미로 만든 송쭈집 쭈꾸미 볶음 300g/500g,"9,900",밥/면류
764,아임셰프,3종 해산물 마라 감바스 밀키트 (2인분) 528g,"17,900",기타
765,브랜드 없음,싱싱 오징어 야채 볶음 320g x 3팩 (덮밥용),"19,900",밥/면류
766,브랜드 없음,싱싱 오징어 야채 볶음 320g x 2팩 (덮밥용),"13,900",밥/면류
767,월드킷,마라샹궈 밀키트 재료만 약1kg(3인),"25,900",기타
768,아임셰프,어린이셰프 알배추 겉절이 키트,"13,900",기타
769,프레시지,밀푀유나베 2인분+마라탕 2인분+감바스알아히요 2인분(냉장),"45,900",기타
770,마루코메,미소시루 즉석 된장국 5종,"2,500",국류
771,프레시지,호로록우삼겹떡볶이 2인분 X 2팩 4인분(냉장),"31,800",분식류
772,브랜드 없음,[외갓집/더명작] 한우 미역국 600g X 3팩,"20,500",국류
773,브랜드 없음,맛있는家 양지팔당닭발 팔당불오징어볶음 덜매운맛 400g×2팩,"28,900",밥/면류
774,프레시지,최현석의 한돈한우 바질토마토함박스테이크 180g x5팩 (소비기한2025-04-21),"32,500",기타
775,프레시지,초계국수 2인분x5팩,"30,900",국류
776,프레시지,[안일옥] 한우설렁탕 500g,"13,000",기타
777,프레시지,소고기버섯잡채(냉장),"11,900",밥/면류
778,프레시지,theEASY 감바스 300gx2팩,"19,900",기타
779,프레시지,신림동백순대볶음 2인분x2팩 4인분(냉장),"20,900",밥/면류
780,ENTREE,앙트레 브루클린 스테이크 쿠킹박스 밀키트(2인분) 479g,"19,900",기타
781,아임셰프,피자 블루밍 퀘사디아,"17,900",기타
782,아임셰프,눈꽃치즈 에그인헬 (2인),"23,900",기타
783,웰리트,혼자즐기는 미니 밀푀유나베 밀키트 (1~2인분),"16,500",기타
784,웰리트,함박스테이크 토마토파스타 밀키트 (2인분),"16,900",기타
785,아임셰프,알찬 우렁쌈장 (2인분),"20,900",기타
786,프레시지,초계국수 2인분,"9,900",국류
787,수다쟁이밥상,"교동낙지 450gx2팩 / 꽃미남양념쭈꾸미 600g x 3팩 / 역전닭갈비 500g x 2팩 저녁메뉴, 간편식, 밀키트","21,620",고기류
788,아임셰프,달짝지근한 뚝배기 불고기 310g (2인분),"15,900",고기류
789,아임셰프,프리미엄 부대찌개 (2인분),"19,900",찌개류
790,프레시지,차슈 돈코츠라멘 200g,"12,000",기타
791,프레시지,차돌박이 숙주볶음 (2인분) 냉장 밀키트,"12,900",밥/면류
792,브랜드 없음,[푸딩팩토리] 프리미엄 가마보꼬 어묵탕 1074g (358g x 3팩) 캠핑요리 수제 전통어묵,"24,900",전류
793,프레시지,등심찹스테이크 448g,"19,900",기타
794,프레시지,고등어구이 100g x2팩,"13,800",구이류
795,브랜드 없음,쿡킷 트러플 부채살 찹스테이크 385g x3개,"65,900",기타
796,브랜드 없음,[우정제면소] 맑은해물맛 수제비 18분세트 (생수제비3kg+스프18봉),"20,900",해물/생선류
797,브랜드 없음,싱싱 꽃게 아귀탕 1kg x 2팩,"32,900",기타
798,브랜드 없음,싱싱 알탕 1kg (2~3인분),"17,900",기타
799,브랜드 없음,쿠즈락앳홈 한입 스테이크 280g 8팩,"47,100",기타
800,맘마레시피,[건강하고 정성스런 제주한끼] 끼니키트 나물솥밥 조리키트  2회분,"55,000",해물/생선류
801,브랜드 없음,한우소고기된장찌개 밀키트 2인분,"11,900",찌개류
802,굿커머스,[산애뜰] 3종 건강밥 세트 (건강/버섯/잔대),"22,900",기타
803,굿커머스,[산애뜰] 맛있는 버섯야채밥 2~3인분(2개입) 2개,"16,900",기타
804,아임셰프,담백한 소고기에 신선한 채소를 가득 담은 소불고기 전골 밀키트 655g,"18,300",고기류
805,브랜드 없음,싱싱 소고기 육전 200g x 4팩,"36,900",전류
806,브랜드 없음,싱싱 시래기 코다리 조림 600g x 2팩,"25,900",기타
807,아임셰프,이자카야 삼색꼬치 일식 어묵탕 밀키트 (2인분) 429g,"16,900",기타
808,프레시지,듬뿍담은 판메밀소바 707g,"11,900",기타
809,브랜드 없음,신림동 순대타운 양지순천집 백곱창 2인분,"21,900",분식류
810,브랜드 없음,Maggi 매기 토마토 애호박 그라탕 33g,"4,980",기타
811,프레시지,매콤 깻잎 순대볶음 2인분 (냉장밀키트),"11,900",밥/면류
812,아임셰프,고추잡채 (2인분),"18,900",밥/면류
813,브랜드 없음,[푸딩팩토리] 푸딩프렙 오돌뼈볶음 360g 밀키트 야식 포차안주 필수메뉴,"11,500",밥/면류
814,브랜드 없음,[외갓집] 시골밥상 청국장찌개 600g X 2팩,"19,500",찌개류
815,브랜드 없음,[바로배송][뭇나] 투뿔한우 갈비탕곰탕 선물세트_선물포장 (4개입),"42,900",고기류
816,아이홈푸드,[우정제면소] 들깨 수제비 18인분세트 (생수제비3kg+들깨가루18봉),"28,900",기타
817,아이홈푸드,[우정제면소] 멸치맛 수제비 18인분세트 (생수제비3kg+스프18봉),"19,900",기타
818,프레시지,블랙라벨스테이크 2인분+밀푀유나베 2인분(냉장),"33,900",기타
819,브랜드 없음,[쿡솜씨] 돼지고기콩나물두루치기 밀키트 2인분,"12,800",기타
820,대양푸드,알싸한 고추냉이잎 장아찌 절임 300g,"5,500",기타
821,브랜드 없음,[푸딩팩토리] 푸딩프렙 미소토리나베 470g 이자카야 닭고기 된장전골우동 밀키트,"12,800",전류
822,브랜드 없음,잇츠온 밀키트_대파 고추장 불고기,"16,900",고기류
823,아임셰프,춘천식 순살 닭갈비 (2인),"18,900",고기류
824,브랜드 없음,"[효뽀끼] 초간편 쌀떡볶이(어묵,만두포함)2인분 1팩","12,900",분식류
825,프레시지,최현석의 우삼겹마라크림짬뽕 677g,"16,900",기타
826,브랜드 없음,뭇나 프리미엄 투뿔 한우사골 고기곰탕 550g 3팩,"28,900",기타
827,브랜드 없음,[외갓집/더명작] 양평해장국 800g X 2팩,"21,500",국류
828,브랜드 없음,[외갓집] 진심 육개장 600g X 3팩,"14,500",기타
829,브랜드 없음,[외갓집] 진심 차돌된장찌개 600g X 3팩,"20,900",찌개류
830,브랜드 없음,[외갓집] 진심 차돌된장찌개 600g X 2팩,"14,500",찌개류
831,브랜드 없음,[외갓집] 케이준 통살 치킨텐더 1.2kg X 2팩,"48,900",기타
832,브랜드 없음,[외갓집] 부산 돼지국밥 500g X 2팩,"11,900",국류
833,프레시지,LA갈비 선물세트(3kg)_A01,"129,900",고기류
834,브랜드 없음,[외갓집] 소갈비탕 650g X 3팩,"17,900",고기류
835,브랜드 없음,[외갓집] 케이준 통살 치킨텐더 1.2kg X 1팩,"24,900",기타
836,브랜드 없음,[외갓집] 아질산나트륨 무첨가 저먼제로 비엔나 700g X 2팩,"27,500",기타
837,브랜드 없음,[푸딩팩토리] 푸딩프렙 마라 가마보꼬 어묵탕 430g 밀키트 고급 오뎅전골,"16,900",전류
838,브랜드 없음,쭈꾸미도사 대창쭈꾸미/양념쭈꾸미볶음 2세트 선택,"20,900",밥/면류
839,브랜드 없음,[푸딩팩토리] 푸딩프렙 고깃집 된장찌개 380g 특제된장소스 밀키트 간편조리세트,"11,800",찌개류
840,브랜드 없음,천호 쭈꾸미 볶음 300g 2봉,"22,000",밥/면류
841,아임셰프,구수하고 칼칼한 강릉 얼큰 장칼국수 645g (2인분),"14,900",국류
842,세미원푸드,[세미원] 오코노미야끼 1.4kg (350g x 4개입),"18,300",기타
843,프레시지,블랙라벨스테이크 + 감바스알하이요 (냉장밀키트),"30,900",기타
844,수다쟁이밥상,정가네 시래기 코다리 조림 900g x 3팩   캠핑요리 간편식 밀키트 간편조리 저녁 메뉴반찬,"49,513",기타
845,남해바다,전복 약초 삼계탕세트 / 전복2미+영계2마리+백숙재료,"20,900",전류
846,사그담,30년전통 지장산 칡냉면 물+비빔 각각2인분,"18,900",전류
847,프레시지,"LA갈비&스테이크 선물세트(2,680g)_A10","99,900",고기류
848,브랜드 없음,(실온) [외갓집] 1978 고기곰탕 500g X 2팩,"12,900",기타
849,브랜드 없음,[외갓집] 장항동 진심 열 순대국 700g X 5팩,"40,900",국류
850,브랜드 없음,[외갓집] 사골곰탕 500g X 4팩,"10,900",기타
851,브랜드 없음,[외갓집] 사골곰탕 500g X 3팩,"8,500",기타
852,웰리트,가지 해초 양지 쌀국수 밀키트 (3인분),"22,900",국류
853,BIBS,[빕스] 시그니처 스테이크 3종 3팩,"39,900",기타
854,브랜드 없음,[빅마마이혜정] 아주 맛있는 쫄깃쭈꾸미 400g x 5팩,"55,900",기타
855,브랜드 없음,신림동 순대타운 양지순천집 양념 순대곱창볶음,"11,900",밥/면류
856,브랜드 없음,[단짠예찬] 양념 쭈꾸미 볶음 500g(쭈꾸미70%)x2팩,"32,800",밥/면류
857,프레시지,뉴매콤깻잎순대볶음 2인분x2팩 4인분(냉장),"17,900",밥/면류
858,프레시지,마라탕 2인분x2팩 4인분 (냉장),"26,900",기타
859,지투지샵,한우곱창불고기전골 1.2kg 1팩,"28,500",고기류
860,아이홈푸드,[우정제면소] 들깨 수제비 6인분세트 (생수제비1kg+들깨가루6봉),"12,900",기타
861,쿡솜씨,우삼겹야끼소바 밀키트 1인분,"11,800",기타
862,아임셰프,호주산 양갈비 스테이크 763g 밀키트,"34,900",고기류
863,아임셰프,정성껏말은 수제 오리지널 손말이고기 18개입,"17,900",기타
864,브랜드 없음,[쿡솜씨] 오돌뼈볶음 밀키트 2인분,"12,800",밥/면류
865,프레시지,theEASY 감바스 300gx3팩,"20,900",기타
866,우체국쇼핑,송점숙 꼬막 비빔장 200g*2병,"15,900",기타
867,굿커머스,[산애뜰] 맛있는 건강나물밥 2~3인분(2개입) 3개,"22,900",기타
868,CJ제일제당,[본사배송][밀키트] 비비고 서울식 소불고기전골 505g X 2개,"35,960",고기류
869,프레시지,최현석의 디트로이트피자미트소스&트리플치즈 268g x3팩,"29,700",기타
870,브랜드 없음,[외갓집] 진부령 황태 해장국 600g X 2팩,"12,900",국류
871,브랜드 없음,[외갓집/더명작] 양평해장국 800g X 4팩,"41,500",국류
872,브랜드 없음,(실온) [외갓집] 1978 고기곰탕 500g X 3팩,"18,900",기타
873,브랜드 없음,코다노 회오리 감자700g(70g10개입) 3봉 감자 국내산,"50,900",국류
874,브랜드 없음,"[효뽀끼] 초간편 쌀떡볶이(어묵,만두포함)2인분 3팩","23,500",분식류
875,브랜드 없음,[외갓집/더명작] 양평해장국 800g X 5팩,"51,500",국류
876,프레시지,"직화스테이크 선물세트(1,280g)_A12","30,900",기타
877,브랜드 없음,[푸딩팩토리] 푸딩프렙 해물 쫄면 순두부용 키트 450g 밀키트 간편조리세트,"11,800",해물/생선류
878,브랜드 없음,[우정제면소] 들깨 수제비 18인분세트 (생수제비3kg+들깨가루18봉),"30,900",기타
879,브랜드 없음,[푸딩팩토리] 푸딩프렙 매콤순대볶음 470g 안주 야식인기메뉴 밀키트 간편조리세트,"11,500",밥/면류
880,프레시지,최현석의 우삼겹마라크림짬뽕 677g x2팩,"33,800",기타
881,VIPS,빕스 원팬 스테이크 2종 (척아이롤+단호박) + 볶음밥 2종 (멕불) + 피자2종 (하고),"52,500",밥/면류
882,수다쟁이밥상,꽃미남쭈꾸미 양념쭈꾸미 600g x4팩 캠핑요리 간편식 밀키트 간편조리 저녁 메뉴꽃미남쭈꾸미 양념쭈꾸미 600g x4팩 캠핑요리 간편식 밀키트 간편조리 저녁메뉴,"78,100",기타
883,프레시지,야심작 단팥붕어빵 500g,"12,000",기타
884,브랜드 없음,[푸딩팩토리] 푸딩프렙 해물 쫄면 순두부용 키트 450g 밀키트 간편조리세트,"11,800",해물/생선류
885,브랜드 없음,[우정제면소] 들깨 수제비 18인분세트 (생수제비3kg+들깨가루18봉),"30,900",기타
886,브랜드 없음,[푸딩팩토리] 푸딩프렙 매콤순대볶음 470g 안주 야식인기메뉴 밀키트 간편조리세트,"11,500",밥/면류
887,홍대쭈꾸미,300g 약간매운맛 6팩 수제양념 쭈꾸미볶음,"48,400",밥/면류
888,브랜드 없음,만두전골 밀키트 1kg,"16,900",전류
889,프레시지,최현석의 우삼겹마라크림짬뽕 677g x2팩,"33,800",기타
890,브랜드 없음,[시루조아] 100% 국산 고춧가루 우리쌀 조아 떡볶이 370g X 3팩,"23,700",국류
891,브랜드 없음,[푸딩팩토리] 푸딩프렙 해물크림나베 670g 일본식 진한 크림우동 이자카야 밀키트,"17,900",해물/생선류
892,브랜드 없음,[외갓집] 속초식 닭강정 마늘간장양념 650g X 3팩,"44,500",닭요리
893,브랜드 없음,[외갓집] 소갈비탕 650g X 5팩,"29,500",고기류
894,프레시지,"직화스테이크 선물세트(1,280g)_A12","30,900",기타
895,프레시지,소고기한상SET(소고기샤브샤브+소고기버섯잡채+차돌박이숙주볶음)(냉장),"46,700",밥/면류
896,브랜드 없음,[외갓집] 아질산나트륨 무첨가 저먼제로 비엔나 700g X 4팩,"53,500",기타
897,홍대쭈꾸미,500g 약간매운맛 2팩+매운맛 2팩,"51,600",기타
898,수다쟁이밥상,정가네 시래기 코다리 조림 900g x 2팩   캠핑요리 간편식 밀키트 간편조리 저녁 메뉴반찬,"34,375",기타
899,홍대쭈꾸미,300g 매운맛 3팩+약간매운맛 3팩 수제양념 쭈꾸미볶음,"48,400",밥/면류
900,브랜드 없음,[프레시지] 해운대암소갈비 뼈없는 갈비탕 800g,"13,900",고기류
901,브랜드 없음,양지팔당닭발 매운 오징어 볶음 오리지널 매운맛 400g×3팩,"39,900",밥/면류
902,브랜드 없음,곰스패밀리 선산곱창 2인분(2100g),"18,000",기타
903,브랜드 없음,싱싱 해물탕 1kg x 2팩,"32,900",해물/생선류
904,프레시지,theEASY 쉬림프알리오올리오 320g,"8,900",기타
905,정성곳간,강순의 명인의 모둠전 5종 8팩(육전2+동태전2+녹두전2+새송이버섯전1+산적1),"59,900",전류
906,브랜드 없음,[외갓집] 뚝배기 불고기 500g X 2팩,"15,900",고기류
907,브랜드 없음,[외갓집] 도가니탕 500g X 5팩,"42,900",기타
908,기타,[한인한식] 뚝딱 뚝배기 불고기 400g X 3팩,"15,500",고기류
909,브랜드 없음,[외갓집] 케이준 통살 치킨텐더 1.2kg X 3팩,"72,500",기타
910,오뚜기,올반 꿔바로우 1.2kg / 겉바속촉 탕수육,"22,200",기타
911,프레시지,초계국수 2인분x3팩,"20,900",국류
912,프레시지,선물세트 7호 (뉴욕3팩+텍사스2팩+부채살2팩)_A13,"53,900",기타
913,브랜드 없음,신림동 순대타운 양지순천집 백곱창 3인분,"29,900",분식류
914,월드킷,똠양꿍 밀키트 현지 비법소스(2인),"14,900",기타
915,프레시지,부채살페퍼스테이크 190g(원육160g+소스30g)x5팩,"39,900",기타
916,프레시지,야심작 슈크림붕어빵x2 + 단팥붕어빵x2,"17,800",기타
917,프레시지,블랙라벨스테이크 2인x2팩+감바스알하이요 2인x2팩 (냉장),"58,900",기타
918,하늘농가,정월대보름 국산 찰밥 고화순 명인이 만든 오곡밥 4팩,"16,000",국류
919,브랜드 없음,사옹원 바로먹는 한끼잡채 오리지널 210g 2개,"10,900",밥/면류
920,프레시지,theEASY 감바스 300g x4팩,"39,600",기타
921,마루코메,미소시루 아와세 즉석 된장국 24개입,"8,600",국류
922,브랜드 없음,싱싱 소고기 육전 200g x 2팩,"18,900",전류
923,아임셰프,해물 순두부찌개 (2인분),"16,900",찌개류
924,웰리트,매콤 빠네 크림파스타 밀키트 (2인분),"16,900",기타
925,프레시지,스페셜 홈자카야 나베SET(밀푀유나베+차돌박이숙주볶음+찹스테이크) (냉장),"38,900",밥/면류
926,브랜드 없음,싱싱 대구탕 360g x 2팩,"12,900",기타
927,아임셰프,담백하고 고소한 명란 크림파스타 406g (2인분),"12,900",기타
928,브랜드 없음,농심 바몬드 약간매운맛 115g x10개,"26,220",기타
929,사그담,강릉 엄지네포장마차 꼬막무침 333g,"32,900",기타
930,브랜드 없음,나가타니엔 미소시루 즉석 된장국 아사게 3종 택1 10개입,"5,400",국류
931,대양푸드,알싸한 고추냉이잎 장아찌 절임 300g x 3통,"14,900",기타
932,브랜드 없음,싱싱 대구탕 360g x 3팩,"18,900",기타
933,브랜드 없음,[외갓집] 고랭지 김치찌개 500g X 4팩,"24,900",찌개류
934,브랜드 없음,맛있게 매운 큼직한 매운양념 쭈꾸미 450g 2인분,"13,500",기타
935,남해바다,전복 삼계탕세트 / 전복1미+영계1마리,"11,500",전류
936,VIPS,빕스 단호박 찹스테이크 360.6g 2개 + 볶음밥 2종 (멕불) + 피자2종 (하고),"52,500",밥/면류
937,프레시지,바를정육 한입LA갈비 500gx6팩,"89,900",고기류
938,프레시지,자이언트부대찌개 2인분+짬뽕순두부 찌개 2인분+우삼겹순두부 찌개 2인분(냉장),"29,900",찌개류
939,바다숲,감태 감칠국수 밀키트,"25,000",국류
940,브랜드 없음,[외갓집] 고랭지 김치찌개 500g X 2팩,"12,900",찌개류
941,ENTREE,[SSG Fresh]앙트레 얼큰한 해물 누룽지탕 쿠킹박스 밀키트(2인분) 674g,"17,900",해물/생선류
942,브랜드 없음,[우정제면소] 멸치맛 수제비 6인분세트 (생수제비1kg+스프6봉),"10,900",기타
943,브랜드 없음,[외갓집] 시골밥상 청국장찌개 600g X 5팩,"47,900",찌개류
944,브랜드 없음,싱싱 시래기 코다리 조림 600g x 2팩,"25,900",기타
945,기타,[한인한식] 육개장 600g X 5팩,"17,900",기타
946,브랜드 없음,[외갓집] 고랭지 김치찌개 500g X 5팩,"30,900",찌개류
947,CJ제일제당,[본사배송][밀키트] 비비고 낙곱새전골 720g X 2개,"35,960",전류
948,브랜드 없음,코다노 회오리 감자700g(70g10개입) 2봉 감자 국내산,"35,900",국류
949,브랜드 없음,[외갓집] 뚝배기 불고기 500g X 3팩,"22,900",고기류
950,브랜드 없음,"[바로배송][뭇나] 따뜻한 마음, 한우 사태살 갈비탕 세트(3팩)","28,900",고기류
951,프레시지,심프라이스 소고기팟타이 306g,"13,000",기타
952,주식회사 카우보이그릴,[명절세트] [1/13일 부터 순차 발송] 텍사스 바베큐 소고기 설 선물 세트 (옵션 중 택1),"120,000",기타
953,브랜드 없음,[바아압] 불맛가득 속초 순살 통 코다리 직화구이 3팩,"30,000",구이류
954,VIPS,빕스 원팬 파스타 3종(명란까르보나라+쉬림프로제+볼로네제),"34,900",기타
955,브랜드 없음,용두동 할매 쭈꾸미 300g x 3개,"35,900",기타
956,브랜드 없음,용두동 할매 낙지 400g,"17,000",기타
957,브랜드 없음,[단짠예찬] 양념 쭈꾸미 볶음 500g(쭈꾸미70%)x3팩,"46,500",밥/면류
958,홍대쭈꾸미,홍대갑오징어 300g 3팩 수제양념 갑오징어볶음,"32,500",밥/면류
959,주식회사 카우보이그릴,[카우보이그릴]텍사스 바베큐 참나무 훈연 홈파티팩 세트,"169,000",기타
960,브랜드 없음,소스/면류/반찬 모음전,"4,980",전류
