순서,상품ID,판매처,상품명,가격,평점,리뷰수,100g당 가격,분류
1,1000604385774,피코크,송탄식 부대찌개,9980,4.8,1162,649,찌개류
2,1000575098562,피코크,샤브샤브 요리재료,9980,4.7,2005,1147,기타
3,1000599436903,피코크,햄폭탄 부대찌개,12980,4.8,519,1627,찌개류
4,1000049359710,피코크,순두부찌개 요리재료,6980,4.7,6455,868,찌개류
5,1000628012947,피코크,우삼겹떡볶이,12980,4.7,8,1282,분식류
6,1000581051191,피코크,소불고기,12980,4.7,460,1808,고기류
7,1000568557058,피코크,소고기생면전골560,8980,4.6,153,1283,전류
8,1000389018624,피코크,미가 들깨수제비,9980,4.7,2501,1883,기타
9,1000552428426,피코크,우삼겹,7980,4.8,4534,1298,기타
10,1000585597141,피코크,병천식 순대곱창볶음,16800,4.6,169,1732,밥/면류
11,1000579627633,피코크,우삼겹 고깃집 된장찌개,7980,4.8,290,1330,찌개류
12,1000521491570,피코크,버섯 어묵 전골,14980,4.7,666,1961,전류
13,1000619907079,피코크,얼큰버섯샤브샤브,16800,4.7,192,2100,기타
14,1000577671536,피코크,새우듬뿍 감바스,14980,4.7,570,2754,기타
15,1000060790087,피코크,냉이된장찌개 밀키트,9980,4.7,364,1202,찌개류
16,1000581571518,피코크,소고기 밀푀유나베,19800,4.6,438,1382,기타
17,1000052494018,피코크,마라샹궈,14980,4.7,1620,3672,기타
18,1000604385779,피코크,푸짐한 대구매운탕,14980,4.6,204,1450,기타
19,1000360744497,프레시지,[캠핑포차] 김치어묵 우동전골,13800,4.8,637,1278,전류
20,1000633879761,SSG ONLY,소시지듬뿍 의정부식 부대찌개,10900,4.7,1463,1652,찌개류
21,1000522564212,조선호텔앤리조트,[조선호텔]탕수육,9800,4.7,1990,2178,중식
22,1000623032910,피코크,얼큰해물파스타,14980,4.7,168,1880,해물/생선류
23,1000628012924,피코크,유부주머니전골,12980,4.8,44,1756,전류
24,1000565852529,피코크,차돌박이 숙주볶음,14980,4.6,202,2574,밥/면류
25,1000564768298,피코크,고추잡채&꽃빵,9980,4.7,550,1996,밥/면류
26,1000564768297,피코크,돼지고기 김치찜,9980,4.8,274,1547,찜류
27,1000604385769,피코크,원주식 장칼국수,7980,4.7,544,1315,국류
28,1000564768295,피코크,애호박 돼지찌개,9980,4.8,281,1340,찌개류
29,1000595812799,피코크,강릉식 짬뽕순두부 밀키트 1.035,9980,4.7,620,964,중식
30,1000293139016,피코크,신락원 해물누룽지탕,12980,4.6,1607,2163,해물/생선류
31,1000575043772,피코크,쟁반짜장,9980,4.6,524,998,중식
32,1000518327522,피코크,오사카식 야키소바,14980,4.7,529,1706,일식
33,1000626248561,피코크,봄동겉절이,5980,4.6,36,1621,기타
34,1000581571522,피코크,부채살 큐브 찹스테이크,19800,4.6,167,3867,기타
35,1000609921522,피코크,리북방 순대전골,14980,4.7,173,1664,전류
36,1000521491573,피코크,베트남식 소고기쌀국수,14980,4.7,358,2416,베트남식
37,1000518327524,피코크,오사카식 오코노미야키,14980,4.7,829,2779,기타
38,1000609681715,피코크,투움바 빠네 파스타,12980,4.8,77,2250,기타
39,1000525151309,청정원,호밍스 햄&고기듬뿍 부대찌개,15400,4.6,326,2167,찌개류
40,1000609920690,피코크,강된장&제육 쌈밥세트,14980,4.6,138,1308,기타한식류
41,1000546348511,CJ제일제당,쿡킷,13900,4.7,109,,기타
42,1000633879765,프레시지,도산분식 국물떡볶이,7900,4.6,492,1549,국류
43,1000628012939,피코크,에그인헬,12980,4.8,25,1955,기타
44,1000575528386,피코크,매콤한 즉석 쌀떡볶이,9980,4.7,250,942,분식류
45,1000572276141,피코크,이꼬이 스키나베,19800,4.6,259,1664,기타
46,1000579627572,피코크,로제 쉬림프 파스타,14980,4.8,84,1961,기타
47,1000578952172,피코크,매콤순대볶음,9980,4.6,425,1349,밥/면류
48,1000528323299,피코크,김치어묵전골,14980,4.6,383,1863,전류
49,1000609921521,피코크,족발&막국수,14980,4.7,143,1827,국류
50,2097001687703,프레시지,[캠핑포차] 꼬치어묵탕,11900,4.8,245,,기타
51,1000595324278,피코크,닭볶음탕,16800,4.5,128,1159,밥/면류
52,1000620097465,피코크,전주식칼국수,8980,4.6,84,2185,전류
53,1000580878277,피코크,카덴 나가사키 짬뽕탕,16800,4.6,175,1787,중식
54,1000580878275,피코크,카덴 마제우동,14980,4.8,266,1582,기타
55,1000580702094,피코크,얼큰칼칼한 소곱창전골,19800,4.5,145,1338,전류
56,1000599813522,피코크,해물듬뿍칼국수,12980,4.6,128,,국류
57,1000060308823,피코크,대구식 파육개장,14980,4.7,1328,1807,기타
58,1000613369557,,본죽 전통 잡채 195g*2입,12980,4.6,48,,밥/면류
59,1000586815979,,청정원 호밍스 김치어묵우동전골,13900,4.8,31,1211,전류
60,1000600712078,,유동 어부지리 새꼬막 매콤비빔 밀키트,4980,4.7,102,,기타
61,1000582269985,피코크,닭갈비,19800,4.7,115,2152,고기류
62,1000499298831,통뼈감자탕,보통맛,10500,4.5,433,1050,기타
63,1000556885769,호밍스,얼큰김치만두전골,15400,4.7,63,1912,전류
64,1000613711060,피코크,주꾸미삼겹살볶음,12980,4.7,29,,밥/면류
65,1000594184453,피코크,버섯크림리조또,12980,4.5,60,1973,기타
66,1000593232702,피코크,볶음짬뽕,9980,4.5,122,1069,밥/면류
67,1000628012911,피코크,매콤물갈비,14980,4.7,10,1641,고기류
68,1000634007733,피코크,의정부식 부대찌개,9980,4.5,17,1426,찌개류
69,2097002044321,조우,"1++No.9 한우광양불고기,한우맑은곰탕,한우카레(3팩)",44900,4.7,26,,고기류
70,1000628012932,피코크,누룽지찜닭,14980,4.8,51,1233,찜류
71,1000633807491,,쉐프컬렉션 오리지널 유니짜장 2인분,9980,4.7,65,778,중식
72,1000594184482,피코크,고기듬뿍 마라탕,16800,4.6,321,1706,기타
73,1000634007730,피코크,영월식 청국장,9980,4.8,5,1073,국류
74,1000634007735,피코크,된장찌개 요리재료,6980,3.6,3,895,찌개류
75,1000564768294,피코크,콩나물 불고기,9980,4.7,365,1147,고기류
76,1000612103333,피코크,동대문식 닭칼국수,19800,4.2,67,996,국류
77,1000581571523,피코크,볼로네제 라자냐,14980,4.5,152,2493,기타
78,2097002051046,강민철,또맛(토마토)파스타,10900,4.5,42,,기타
79,1000628012918,피코크,새우듬뿍 팟타이,12980,4.5,26,1964,기타
80,1000593035575,,마이셰프 소문난 돼지불백,9980,4.5,61,1686,기타
81,1000623542470,,CJ 비비고 서울식 소불고기전골,16980,4.7,14,3362,고기류
82,1000609921518,피코크,콩비지감자탕,16800,4.3,49,1167,기타
83,1000533571829,에머이,불고기 쌀국수 480g(2개입),12500,4.8,283,2273,베트남식
84,1000627812753,,황태해장국&두부두루치기,9980,5.0,5,1202,국류
85,1000633878878,,하니칼국수 새우칼국수,9900,4.5,10,2463,국류
86,1000557926461,CJ제일제당,비비고 스팸부대전골,15980,4.7,78,2316,전류
87,1000575228242,,호밍스 불고기 낙지전골,16400,4.7,143,2247,고기류
88,1000605617336,,묵은지 김치찌개 &바싹 불고기,9980,4.2,12,1147,찌개류
89,1000556885767,상어알분식,국물떡볶이,6200,4.6,199,1722,국류
90,1000611536454,,CJ 비비고 낙곱새전골,17980,4.8,84,2497,전류
91,1000593623060,피코크,우육면,7980,4.7,59,1308,기타
92,1000544417628,마이셰프,제주로 흑돼지 덮밥,14980,4.6,76,3215,기타
93,1000525748099,청정원,호밍스 해물누룽지탕,18400,4.5,89,2388,해물/생선류
94,1000581571459,,청정원 콩담백면 450g(150g*3ea),7380,4.8,266,1640,기타
95,1000641443068,,쉐프컬렉션 넘버원양꼬치 동파육,16980,4.6,60,2377,기타
96,2097001704233,삼원가든,첫선 돼지갈비,27500,4.3,167,2750,고기류
97,1000602280020,,하남쭈꾸미 500g 5팩,58900,4.8,20,,기타
98,1000576971239,송쭈집,프리미엄 양념 쭈꾸미 볶음 패키지 묶음 구성 300g 6팩 / 500g 4팩,59800,4.8,9,2504,밥/면류
99,1000633879785,프레시지,바르다김선생 찹쌀 자연 치즈볼,8900,4.9,14,2871,기타
100,1000611536459,,CJ 비비고 곱창순대전골,17980,4.8,58,,전류
101,1000641795177,바른고기 정육점,일품 갈비곰탕,12900,4.7,260,1290,고기류
102,1000641795108,Chai797,유니짜장면,8900,4.5,232,1203,중식
103,1000613711062,피코크,낙지볶음&소면,12980,4.2,13,,밥/면류
104,1000633879730,프레시지,바르다김선생 바르다 광천 김말이,5900,4.6,30,1967,분식류
105,1000633879792,프레시지,도산분식 무침만두,7490,4.6,418,1314,기타
106,1000641795123,바른고기 정육점,일품 대파 듬뿍 육개장,9900,4.7,224,990,기타
107,1000575228240,,호밍스 우삼겹 대창전골,18400,4.8,90,3472,전류
108,1000633807955,,조선호텔 소고기장터국,7900,4.7,273,1082,국류
109,1000642139553,밀본,시그니처,12880,4.7,190,,기타
110,1000291859747,나래식품,만능 명란 청국장 600g 8인분 국내산 청국장,17800,4.8,19,,국류
111,1000641795067,Chai797,오리지널 짬뽕,13800,4.6,51,1078,중식
112,1000635492288,수다쟁이밥상,교동낙지 450gx2팩 캠핑요리 간편식 밀키트 간편조리 저녁 메뉴덮밥,21620,5.0,2,,기타
113,1000633745532,,청정원 시원한바지락칼국수,5480,4.8,3540,,국류
114,1000596248438,,채소와 고기의 환상궁합 밀푀유나베 밀키트 4인분,32200,,,2304,기타
115,1000048850964,아임셰프,소고기 샤브샤브 (2인분),17700,4.3,9,,기타
116,1000633879823,프레시지,소밋공원 우삼겹 감자사리볶음면,10900,4.8,6,2150,밥/면류
117,1000557926465,CJ제일제당,비비고 곱창전골 800G파우치,15980,4.7,106,1998,전류
118,1000633003419,수다쟁이밥상,역전닭갈비 500g x 2팩 국내산 닭고기 100% 춘천닭갈비 양념닭갈비 저녁메뉴  캠핑요리,9900,5.0,2,,고기류
119,1000554845018,CJ제일제당,[쿡킷] 양지육수 왕교자 만두전골,15980,4.4,9,2010,전류
120,2097001955017,서리재,살얼음 동치미 물막국수,9900,4.6,125,,국류
121,1000635507203,수다쟁이밥상,꽃미남쭈꾸미 양념쭈꾸미 600g x3팩 캠핑요리 간편식 밀키트 간편조리 저녁메뉴,35580,5.0,4,,기타
122,2097001879740,오마뎅,[SSGX오마뎅] 부산떡볶이2입 + 사과떡볶이 1입,19700,4.8,242,,분식류
123,1000641947520,SSGx하코야,냉메밀소바 946g (2인분),8980,4.8,2203,,기타
124,1000629210931,푸딩팩토리,푸딩프렙 곤이듬뿍 알탕 510g 푸짐한 촉촉 쫄깃 알고니 간편 밀키트,12800,,,,기타
125,1000578664242,밀팡,순살 닭도리탕 밀키트 2인분,14900,,,,닭요리
126,1000048844367,아임셰프,불고기 월남쌈 (2인분),18900,4.8,41,,고기류
127,1000578653029,밀팡,국내산묵은지 고등어조림 밀키트 2인분,19900,,,,국류
128,1000578652665,밀팡,순살 안동찜닭 밀키트 2인분,15900,4.0,1,,찜류
129,1000601450279,,하남쭈꾸미 300gx10팩 보통매운맛,75900,3.6,3,,기타
130,1000633638533,수다쟁이밥상,또순이네 철판 떡볶이 460g x 3팩 분식 간편조리식품 아이간식 양념떡볶이 즉석떡볶이,25575,,,,분식류
131,1000549720843,프레시지,투움바 빠네 파스타 2인분,10900,5.0,1,,기타
132,1000277301151,ENTREE,앙트레 트러플크림 페투치네 쿠킹박스 밀키트 생면(1인분),13900,,,,기타
133,1000611147425,주식회사 카우보이그릴,[카우보이그릴]텍사스 바베큐 참나무 훈연 풀드포크,24000,4.5,13,7200,기타
134,1000628428644,VIPS,빕스 척아이롤 스테이크 331g 2개 + 볶음밥 2종 (멕불) + 피자2종 (하고),52500,,,,밥/면류
135,1000534713218,프레시지,백리향 마파두부(냉장),14900,4.7,9,,기타
136,1000616169252,주식회사 카우보이그릴,[카우보이그릴]텍사스 바베큐 참나무 훈연 커플팩 세트,74900,5.0,15,,기타
137,1000576187002,월드킷,우삼겹/왕새우 팟타이 밀키트(2인),15900,5.0,2,2709,기타
138,1000567950957,아임셰프,깻잎 페스토 크림파스타 440g (2인분),13900,5.0,1,,기타
139,1000027655607,프레시지,블랙라벨 스테이크 (2인분) 냉장밀키트,18900,4.7,3797,,기타
140,1000595530928,,신림동 순대타운 양지순천집 백순대 2인분,17900,,,,분식류
141,1000034526675,ENTREE,앙트레 스파이시 봉골레 쿠킹박스 밀키트(2인분) 754g EASY,14900,4.2,28,,기타
142,1000557511230,,싱싱 고등어 김치조림 400g x 4팩,24900,,,,기타한식류
143,1000048646822,아임셰프,진한 우사골 떡국 (2인분),14900,4.0,3,,국류
144,1000602276581,,하남쭈꾸미 350g 6팩,49900,4.4,16,,기타
145,1000624628583,,뭇나 프리미엄 투뿔 한우 살코기 갈비탕 600g 3팩,31900,,,,고기류
146,1000631839423,프레시지,삼치구이 70g x2팩,13800,,,,구이류
147,1000608640582,VIPS,빕스 원팬 파스타 3종 세트(명란까르보나라+쉬림프로제+볼로네제),34900,5.0,1,,기타
148,1000629210968,푸딩팩토리,푸딩프렙 소세지 야채볶음 260g 그시절 쏘야안주 간편 밀키트,8900,,,,밥/면류
149,1000629209567,푸딩팩토리,푸딩프렙 황제 해물누룽지탕 350g 튀긴찹쌀누룽지 밀키트 간편조리세트,11800,,,,해물/생선류
150,1000534712671,프레시지,신림동백순대볶음 2인분(냉장),12900,3.0,2,,밥/면류
151,1000282085863,아임셰프,눈꽃치즈 에그인헬 (2인),23900,,,,기타
152,1000641988681,,야마야 모츠나베,20900,4.6,9,2855,기타
153,1000631839183,프레시지,고등어구이,9000,,,,구이류
154,1000048843757,아임셰프,고추잡채 (2인분),18900,5.0,6,,밥/면류
155,1000561716179,다신샵,성수동905 모짜렐라 포두부 라자냐 5팩 / 저당라구소스&자연치즈,27500,5.0,1,,기타
156,1000576730995,더미식,"고기손만둣국 1,288",18980,1.0,1,1474,국류
157,1000530214958,프레시지,theEASY 감바스 300gx3팩,20900,5.0,2,,기타
158,1000567952236,아임셰프,담백하고 고소한 명란 크림파스타 406g (2인분),12900,5.0,2,,기타
159,1000055856410,하늘농가,정월대보름 국산 찰밥 고화순 명인이 만든 오곡밥 4팩,16000,5.0,1,7442,국류
160,1000627176063,CJ제일제당,[본사배송][밀키트] 비비고 낙곱새전골 720g X 2개,35900,,,,전류
161,1000529499189,프레시지,야심작 슈크림붕어빵x2 + 단팥붕어빵x2,17800,4.0,2,,기타
162,1000055856410,하늘농가,정월대보름 국산 찰밥 고화순 명인이 만든 오곡밥 4팩,16000,5.0,1,7442,국류
163,1000627238629,산해직송,뚝딱잇 안동 순살 간장찜닭 밀키트 2인분 (1005g),22900,5.0,2,2097,찜류
164,1000597786498,남원추어 미꾸야,한우곱창전골 995g(2~3인분_밀키트),27000,5.0,26,,전류
165,1000629548380,푸딩팩토리,푸딩프렙 크림카레나베 790g 이자카야 카레우동 일본식 밀키트,18900,,,,기타
166,1000456354099,웰리트,새우몽땅 감바스 알아히요 밀키트 (2인분),21900,,,21360,기타
167,1000632103336,프레시지,최현석의 규카츠 120g x4팩,51600,,,,기타
168,1000605740185,,용두동 할매 낙지 300g x 2개,23000,,,,기타
169,1000624833779,외갓집,대왕 갈비탕 800g X 2팩,29900,,,,고기류
170,1000624377902,외갓집/더명작,바른 한우 사골곰탕 500g X 2팩,9500,,,,기타
171,1000624732018,외갓집/더명작,강남 모둠소국밥 800g X 4팩,53900,,,,국류
172,1000624732824,외갓집,도가니탕 500g X 4팩,34900,,,,기타
173,1000626827491,,(실온) [외갓집] 1978 사골곰탕 500g X 3팩,7900,,,,기타
174,1000567207281,,쿠즈락앳홈 한입 스테이크 280g 14팩,77700,,,,기타
175,1000314011701,무료배송,[고메공방] 바지락술찜파스타 1kg / 2인분 x 2팩,31800,,,,찜류
176,1000529499195,프레시지,야심작 슈크림붕어빵,12000,5.0,2,,기타
177,1000534719130,프레시지,소고기버섯잡채+우삼겹순두부찌개 2인분(냉장),18900,,,,찌개류
178,1000518259400,BIBS,[빕스] 시그니처 스테이크 3종 4팩,46900,5.0,2,,기타
179,1000615005221,프레시지,차슈 돈코츠라멘 200g x4팩,31900,,,,일식
180,1000071243664,쿡솜씨,춘천식철판닭갈비 밀키트 2인분,14800,4.8,27,,고기류
181,1000526402747,쿡솜씨,잔치잡채 밀키트 2인분,14800,,,,밥/면류
182,1000532151822,프레시지,스테이크 키트 2종 10팩 SET (뉴욕갈릭스테이크 170gx5+텍사스페퍼스테이크170gx5),59900,,,,기타
183,1000041257676,ENTREE,앙트레 우렁 강된장찌개 쿠킹박스 밀키트(2인분),12900,4.7,14,,찌개류
184,1000042757645,쿡솜씨,해물순두부찌개 밀키트 2인분,12800,4.8,17,,찌개류
185,1000049482098,홈쿡,태국음식 베스트 5종세트,17500,4.5,4,,국류
186,1000555334154,아임셰프,3종 해산물 감바스 알 아히요 밀키트 (2인분) 528g 바게트 포함,13900,,,,기타
187,1000605740160,,용두동 할매 쭈꾸미,16000,,,,기타
188,1000593464603,아임셰프,스지 아롱사태 수육 얼큰전골 800g 밀키트,26900,,,,전류
189,1000593458507,아임셰프,매콤 어묵꼬치 닭도리탕 1380g 밀키트,25500,,,,닭요리
190,1000624961283,외갓집,장항동 진심 순대국 700g X 5팩,38500,,,,국류
191,1000629211751,푸딩팩토리,어묵전골 320g 어묵탕 오뎅 국물요리 한끼요리 캠핑요리,4900,,,,전류
192,1000629210095,푸딩팩토리,푸딩프렙 들깨백순대볶음 470g 매콤한 찍먹용 소스구성 밀키트 간편조리세트,11500,,,,밥/면류
193,1000624833743,외갓집,대왕 갈비탕 800g X 3팩,44500,,,,고기류
194,1000624377932,외갓집/더명작,바른 한우 사골곰탕 500g X 3팩,13900,,,,기타
195,1000626883576,시루조아,100% 국산 고춧가루 우리쌀 조아 떡볶이,9900,,,,국류
196,1000606072384,,맛있는家 양지팔당닭발 팔당불오징어볶음오리지널 매운맛 400g×2팩,28900,,,,밥/면류
197,1000606018299,나이스파머스,매콤한 양념 쭈꾸미볶음,22500,,,,밥/면류
198,1000603289948,,쭈꾸미도사 대창쭈꾸미볶음 320g 10팩,109000,,,,밥/면류
199,1000605740148,,용두동 할매 낙지 300g x 3개,40900,,,,기타
200,1000631839366,프레시지,고등어구이 100g x4팩,25900,,,,구이류
201,1000631853583,프레시지,최현석의 우삼겹마라크림짬뽕 677g x6팩,101400,,,,중식
202,1000631099305,,코다노 회오리 감자700g(70g10개입) 감자 국내산+ 치즈시즈닝10g10개입,22900,,,,국류
203,1000641069441,기타,[한인한식] 육개장 600g X 2팩,8900,,,,기타
204,1000621079003,프레시지,최현석의 디트로이트피자 고르곤졸라&크림 261g x3팩,29700,,,,기타
205,1000609885450,프레시지,선물세트 3호 (LA갈비 4팩+ 도가니탕 2팩)_A03,99900,,,,고기류
206,1000555371047,아임셰프,아홉가지 정성 담은 오색 구절판 밀키트,21900,5.0,1,,기타
207,1000061649594,아임셰프,사천풍 마파두부 (2인분),18900,5.0,2,,기타
208,1000560254118,프레시지,우삼겹순두부찌개 2인분(냉장),9900,,,,찌개류
209,1000630608101,효뽀끼,"초간편 쌀떡볶이(어묵,만두포함)2인분 2팩",18500,,,,분식류
210,1000626585468,기타,[한인한식] 1978 쓰촨 마라탕 매운맛 600g X 4팩,42500,,,,기타
211,1000576068098,월드킷,더진한 마라탕 밀키트 수제 마라소스(2인),16900,,,2167,기타
212,1000555331303,아임셰프,가리비 치즈 버터구이 밀키트 430g 캠핑 직화용기 제공,15900,5.0,1,,구이류
213,1000561199293,프레시지,감바스알아히요 2인분(냉장),14900,4.0,1,,기타
214,1000557511235,,싱싱 고등어 김치조림 400g x 3팩,18900,,,,기타한식류
215,1000541271266,프레시지,밀푀유나베 2인 + 소고기야끼소바 2인 (냉장),27900,,,,기타
216,1000541274367,프레시지,서울식불고기전골 2인분 x 2팩 4인분 (냉장),19900,,,,고기류
217,1000555324821,아임셰프,해산물 빼쉐 국물 파스타 / 해장 파스타 밀키트 (2인분) 551g 캠핑 직화용기 제공,15900,,,,국류
218,1000587961294,,건강한 간편식 골라담기,7900,,,,기타
219,1000045143007,맛수러움,따끈한 밥 위에 노른자와 함께 새우장밥 1인분,12500,,,,기타
220,1000049332463,프레시지,바질크림빠네파스타 (2인분) 냉장 밀키트,12900,4.7,308,,기타
221,1000619675761,홍대쭈꾸미,홍대오징어 300g 4팩 수제양념 오징어볶음,37900,,,,밥/면류
222,1000624702979,외갓집,도가니탕 500g X 2팩,17900,,,,기타
223,1000624376940,,(실온) [외갓집] 1978 사골곰탕 500g X 5팩,11900,,,,기타
224,1000624377834,외갓집/더명작,버드나무집 추어탕 700g X 4팩,41500,,,,기타
225,1000624737234,외갓집,고기곰탕 500g X 5팩,23500,,,,기타
226,1000626292914,외갓집,간단식단 닭가슴살 고기만두 180g X 3팩,9900,,,,닭요리
227,1000593330562,아임셰프,한우대창 모츠나베 808g 밀키트,26900,,,,기타
228,1000593462182,아임셰프,새우 로제 빠네 파스타 1012g 밀키트,21900,,,,기타
229,1000624377805,외갓집/더명작,버드나무집 추어탕 700g X 2팩,21500,,,,기타
230,1000624863484,외갓집,장항동 진심 열 순대국 700g X 3팩,24900,,,,국류
231,1000626607631,외갓집,간단식단 닭가슴살 고기만두 180g X 5팩,15900,,,,닭요리
232,1000626437801,외갓집,한우 대창 쭈꾸미 320g X 3팩,43500,,,,기타
233,1000616161192,주식회사 카우보이그릴,[카우보이그릴]텍사스 바베큐 참나무 훈연 스패어립,37900,4.3,6,5685,기타
234,1000626848971,외갓집,착한 제주 돼지 간장불고기 120g X 3팩,12900,,,,고기류
235,1000623674904,프레시지,캠핑요리대전 김치어묵우동전골/육칼전골 외 국/탕/전골/스테이크/감바스 골라담기,23990,5.0,5,,전류
236,1000624918981,외갓집,장항동 진심 순대국 700g X 3팩,23500,,,,국류
237,1000628198819,,천호 쭈꾸미 볶음 300g 5봉,49900,,,,밥/면류
238,1000626621207,외갓집,간단식단 닭가슴살 김치만두 180g X 2팩,6900,,,,닭요리
239,1000261574104,쿡솜씨,이탈리안감바스 밀키트 2인분,17800,4.6,3,,기타
240,1000557511246,,싱싱 고등어 김치조림 400g x 2팩,12900,,,,기타한식류
241,1000624918981,외갓집,장항동 진심 순대국 700g X 3팩,23500,,,,국류
242,1000557511334,,싱싱 소고기 육전 200g x 3팩,27900,,,,전류
243,1000555331303,아임셰프,가리비 치즈 버터구이 밀키트 430g 캠핑 직화용기 제공,15900,5.0,1,,구이류
244,1000557511246,,싱싱 고등어 김치조림 400g x 2팩,12900,,,,기타한식류
245,1000042647313,쿡솜씨,오삼불고기 밀키트 2인분,12800,4.7,31,,고기류
246,1000045143007,맛수러움,따끈한 밥 위에 노른자와 함께 새우장밥 1인분,12500,,,,기타
247,1000049469051,사그담,30년전통 지장산 칡냉면 비빔냉면 4인분,18900,,,630,전류
248,1000049332463,프레시지,바질크림빠네파스타 (2인분) 냉장 밀키트,12900,4.7,308,,기타
249,1000557511235,,싱싱 고등어 김치조림 400g x 3팩,18900,,,,기타한식류
250,1000603772345,,복원 대만 족발국수 밀키트 캠핑 1인분,8900,,,,국류
251,1000542234781,아이홈푸드,[우정제면소] 맑은해물맛 수제비 6인분세트 (생수제비1kg+스프6봉),9900,,,,해물/생선류
252,1000541271266,프레시지,밀푀유나베 2인 + 소고기야끼소바 2인 (냉장),27900,,,,기타
253,1000541274367,프레시지,서울식불고기전골 2인분 x 2팩 4인분 (냉장),19900,,,,고기류
254,1000629209017,푸딩팩토리,돈까스김치나베 615g 우동전골 밀키트 포장마차오뎅 식사대용 술안주 홈쿡,10900,,,,전류
255,1000587961294,,건강한 간편식 골라담기,7900,,,,기타
256,1000629209320,푸딩팩토리,푸딩프렙 모츠나베 460g 밀키트 이자카야 대창전골,23900,,,,전류
257,1000629210549,푸딩팩토리,푸딩프렙 동치미 물비빔국수 450g 생소면 밀키트 간편조리세트,7200,,,,국류
258,1000629209107,푸딩팩토리,가마보꼬 어묵탕 340g 꼬치어묵 오뎅탕 집들이오뎅탕 캠핑국물요리,8700,,,,국류
259,1000526215331,대양푸드,실속 대용량 국내산 고추채 장아찌 절임,22900,5.0,2,,국류
260,1000641386259,프레시지,춘천양념닭목살 500g x2팩,23800,,,,구이류
261,1000641848808,,명절 수제 모듬전 5종세트+감자전5종,37540,4.4,5,,전류
262,1000596243859,,채소와 고기의 환상궁합 밀푀유나베 밀키트 2인분,16020,,,2533,기타
263,1000629210766,푸딩팩토리,푸딩프렙 불맛 직화 낙지볶음 370g 전문점 스타일 간편 밀키트,15900,,,,밥/면류
264,1000593290796,프레시지,바를정육 한입LA갈비 500gx5팩,86900,5.0,1,,고기류
265,1000555373354,아임셰프,간장베이스에 단짠단짠한 별미 소고기 궁중 떡볶이 밀키트,15900,5.0,2,,분식류
266,1000037122942,ENTREE,앙트레 사천 마라탕 쿠킹박스 밀키트(2인분),17900,4.4,28,,기타
267,1000602202097,청정원,호밍스 녹두삼계탕,14000,4.8,55,1556,기타
268,1000031847880,ENTREE,앙트레 청양풍 훈제오리 숙주볶음 쿠킹박스 밀키트(2인분),15900,4.7,28,,밥/면류
269,1000631870813,애슐리,홈스로티 이지쿡 패키지,27510,,,,기타
270,1000619967515,홍대쭈꾸미,300g 매운맛 4팩 수제양념 쭈꾸미볶음,34500,,,,밥/면류
271,1000624945696,외갓집,진심 소내장탕 700g X 2팩,16900,,,,기타
272,1000603290366,,쭈꾸미도사 양념쭈꾸미볶음 320g 6팩,47900,,,,밥/면류
273,1000594320430,,신림동 순대타운 양지순천집 백순대 1인분,11900,,,,분식류
274,1000593471873,아임셰프,한우대창 부산식 낙곱새 750g 밀키트,26900,,,,기타
275,1000603290040,,쭈꾸미도사 대창쭈꾸미볶음 320g 2팩,26900,,,,밥/면류
276,1000624981178,외갓집,진심 차돌된장찌개 600g X 4팩,27500,,,,찌개류
277,1000624732861,외갓집,사골곰탕 500g X 2팩,6500,,,,기타
278,1000576155949,월드킷,감바스 밀키트 바게트 파스타면포함(2인),16900,5.0,1,,기타
279,1000293350909,웰리트,새우몽땅 감바스 알아히요 밀키트 (2인분),17900,,,,기타
280,1000548225450,쿡솜씨,매콤찜닭 밀키트 2인분,12800,,,,찜류
281,1000526122651,아임셰프,쉬림프 나시고랭 663g (2인분) 밀키트,17900,,,,기타
282,1000526114180,아임셰프,미나리 샤브샤브 810g (2인분) 밀키트,22900,,,,기타
283,1000063951635,프레시지,호로록 로제 떡볶이 2인분 (냉장 밀키트),11900,4.5,22,,분식류
284,1000561716173,다신샵,성수동905 모짜렐라 포두부 라자냐 3팩 / 저당라구소스&자연치즈,16700,4.5,6,,기타
285,1000557511156,,싱싱 부대찌개 550g x 2팩,17900,,,,찌개류
286,1000553404222,아임셰프,노루궁뎅이버섯 보양탕 비건삼계탕 640g(2인분),29900,,,,기타
287,1000567207821,,쿠즈락앳홈 한입 스테이크 280g 1팩,12900,,,,기타
288,1000534837198,프레시지,서울식불고기전골 2인분+소고기버섯 잡채 2인분+우삼겹순두부찌개 2인분(냉장),28900,,,,찌개류
289,1000534784154,프레시지,짬뽕순두부찌개x2팩 4인분 + 우삼겹순두부찌개x2팩 4인분 (냉장),31900,,,,찌개류
290,1000534794660,프레시지,밀푀유나베 2인분 +마라탕 2인분(냉장),28900,,,,기타
291,1000541284004,프레시지,자이언트부대찌개 2인분 + 서울식불고기전골 2인분 (냉장),23900,,,,찌개류
292,1000308068856,,사옹원 바로먹는 한끼잡채 불고기 210g 2개,12600,4.5,4,,밥/면류
293,1000365484125,쿡솜씨,왕십리야채곱창 밀키트 2인분,16800,4.3,3,,기타
294,1000045592692,맛수러움,진한 국물이 일품인 통 우럭매운탕 1-2인분,25900,5.0,1,,국류
295,1000623450214,강원더몰,양구재래식손두부 짜박두부소스,2900,5.0,1,,기타
296,1000063974087,,매기 Maggi 연어 크림 그라탕,5980,,,,기타
297,1000526121167,아임셰프,쉬림프 팟타이 655g (2인분) 밀키트,18900,,,,기타
298,1000629209498,푸딩팩토리,푸딩프렙 마라샹궈 480g 중독성 맛집 마라볶음요리 밀키트 간편조리세트,14900,,,,밥/면류
299,1000603792202,설성목장,(냉동) 설성목장 삼계탕,13900,4.3,3,1053,기타
300,1000629209250,푸딩팩토리,푸딩프렙 해물 야끼소바 450g 밀키트 오리엔탈 퓨전일식 볶음우동,11500,,,,밥/면류
301,1000624950745,외갓집,진심 소내장탕 700g X 3팩,24900,,,,기타
302,1000629210676,푸딩팩토리,김치어묵우동 740g 전골 밀키트 캠핑요리 술안주,10500,,,,전류
303,1000542850057,아임셰프,어린이셰프 한입 깍두기 키트,13900,,,,기타한식류
304,1000626227958,외갓집,1분 30초 통등심 돈까스 650g X 3팩,46900,,,,기타
305,1000631839198,프레시지,삼치구이,9000,,,,구이류
306,1000626236685,기타,[한인한식] 뚝딱 뚝배기 불고기 400g X 4팩,20500,,,,고기류
307,1000626389735,기타,[한인한식] 뼈해장국 650g X 2팩,11900,,,,국류
308,1000628425877,VIPS,빕스 원팬 스테이크 2종 (하와이안+척아이롤) + 볶음밥 2종 (멕불) + 피자2종 (하고),52500,,,,밥/면류
309,1000615005188,프레시지,차슈 돈코츠라멘 200g x2팩,17800,,,,일식
310,1000629210197,푸딩팩토리,푸딩프렙 야채곱창 600g 인생 술안주 잡내없는 돼지곱창 밀키트 간편조리세트,16500,,,,기타
311,1000624833273,외갓집,진심 육개장 600g X 4팩,18900,,,,기타
312,1000627130883,외갓집,간단식단 닭가슴살 김치만두 180g X 5팩,15900,,,,닭요리
313,1000635539616,수다쟁이밥상,교동낙지 450gx3팩 캠핑요리 간편식 밀키트 간편조리 저녁 메뉴덮밥,53075,,,,기타
314,1000621993332,프레시지,이태리국시파스타 SET (곱창파스타+대창파스타),25800,,,,국류
315,1000626592290,외갓집,한우 대창 쭈꾸미 320g X 2팩,29500,,,,기타
316,1000561716191,다신샵,성수동905 모짜렐라 포두부 라자냐 10팩 / 저당라구소스&자연치즈,53700,,,,기타
317,1000609885437,프레시지,선물세트 2호 (LA갈비 5팩+직화스테이크 2팩)_A09,119900,,,,고기류
318,1000642394456,프레시지,theEASY 매콤제육볶음 260gx2팩,24000,,,,밥/면류
319,1000293360517,웰리트,멕시칸스타일 척아이롤 스테이크 밀키트 (2인분),21900,,,,기타
320,1000576966735,송쭈집,"[쟁임세트] 쭈꾸미 500g, 한돈 숯불 떡갈비 90g, 부산 어묵탕 밀키트 264g 패키지 상품 냉동 반찬 캠핑 집들이",65000,,,,고기류
321,1000534788894,프레시지,장칼국수 2인분 + 자이언트 부대찌개 2인분 (냉장),23900,,,,찌개류
322,1000601204824,,이혜정의 쫄깃쭈꾸미 4팩+삼겹쭈꾸미3팩 400gx7팩 총,59900,,,,기타
323,1000593450514,아임셰프,눈꽃치즈 에그인헤븐 886g 밀키트,22900,,,,기타
324,1000593470359,아임셰프,얼큰 차돌 한우대창전골,23900,,,,전류
325,1000605740144,,용두동 할매 낙지,15000,,,,기타
326,1000017544963,코델리아,초밥재료 골라담기 10종 [+ 7종 기획세트 한정할인 ]/,4000,4.7,185,4,기타
327,1000029512002,ENTREE,앙트레 정통 밀푀유 나베 쿠킹박스 밀키트(2인분),17900,4.7,92,,기타
328,1000042646831,쿡솜씨,매콤제육볶음 밀키트 2인분,12800,4.5,40,,밥/면류
329,1000293861510,웰리트,함박스테이크 크림파스타 밀키트 (2인분),19900,,,,기타
330,1000293370912,웰리트,얼큰 우곱창전골 밀키트 (3인분),24900,5.0,1,,전류
331,1000405268658,쿡솜씨,고추잡채와꽃빵 밀키트 2인분,15800,,,,밥/면류
332,1000532349252,프레시지,블랙라벨 홈파티 SET(블랙라벨스테이크+감바스알아히요+쉬림프로제파스타)(냉장),42900,,,,기타
333,1000532348973,프레시지,블랙라벨 시그니처 스테이크SET(블랙라벨+감바스+바질빠네파스타)(냉장),42900,5.0,1,,기타
334,1000042069901,ENTREE,앙트레 블랙페퍼 스테이크 쿠킹박스 밀키트(2인분),17900,4.8,47,,기타
335,1000042757123,쿡솜씨,우삼겹된장찌개 밀키트 2인분,12800,5.0,12,,찌개류
336,1000045107591,맛수러움,푸짐하게 담은 해물탕 2인분,25900,,,,해물/생선류
337,1000045115386,맛수러움,바다를 품은 해삼알탕 1인분,10500,,,,기타
338,1000541281225,프레시지,호로록우삼겹떡볶이 2인분 + 매콤깻잎순대볶음 2인분(냉장),20900,,,,밥/면류
339,1000557511342,,싱싱 대구탕 360g x 4팩,24900,,,,기타
340,1000561199530,프레시지,소고기샤브샤브 2인분(냉장),15900,,,,기타
341,1000562823459,프레시지,소고기 야끼소바 2인분(냉장),11900,,,,기타
342,1000552952205,프레시지,theEASY 바질토마토파스타 320gx4팩,31600,,,,기타
343,1000098894623,쿡솜씨,쓰촨마라탕 밀키트 2인분,16800,4.4,5,,기타
344,1000542857905,아임셰프,어린이 셰프 소고기 궁중 떡볶이 키트,13900,,,,분식류
345,1000549720858,프레시지,투움바 빠네 파스타 2인분x3팩,23900,,,,기타
346,1000293787737,웰리트,관동풍 스키야끼 소고기전골 밀키트 (2인분),17900,1.0,1,,전류
347,1000071221520,쿡솜씨,해물오꼬노미야끼 밀키트 2인분,14800,4.7,29,,해물/생선류
348,1000071239248,쿡솜씨,우삼겹숙주볶음 밀키트 2인분,12800,4.9,11,,밥/면류
349,1000607007527,프레시지,최현석의 한돈한우 함박스테이크 모음,19500,3.3,3,,기타
350,1000603290017,,쭈꾸미도사 대창쭈꾸미볶음 1팩+양념쭈꾸미볶음 1팩,29900,,,,밥/면류
351,1000605890986,싱싱(하프클럽),쭈꾸미 야채볶음 320g x 2개입,12900,,,,밥/면류
352,1000576168674,월드킷,찹스테이크 밀키트 파인애플 연육(2인),16900,5.0,1,2865,기타
353,1000616238662,프레시지,심프라이스 소고기팟타이 306g x2팩,19300,,,,기타
354,1000628290984,,간편식 동결건조 바지락미역국(60g),8000,,,,국류
355,1000624916933,외갓집,진심 차돌된장찌개 600g X 5팩,33900,,,,찌개류
356,1000626429576,외갓집,착한 제주 돼지 간장불고기 120g X 4팩,16900,,,,고기류
357,1000626631557,,(실온) [외갓집] 1978 사골곰탕 500g X 2팩,5500,,,,기타
358,1000619967626,홍대쭈꾸미,500g 약간매운맛 4팩 수제양념 쭈꾸미볶음,51600,,,,밥/면류
359,1000624844157,외갓집,장항동 진심 열 순대국 700g X 2팩,16900,,,,국류
360,1000624714084,외갓집,도가니탕 500g X 3팩,26500,,,,기타
361,1000633621017,,모두의맛집 소문난원조조방낙지 낙곱새 3개입,45910,,,,기타
362,1000621085552,프레시지,흑백요리사 최현석 함박스테이크/스테이크/파스타/피자 외 BEST 밀키트 모음전,44550,5.0,2,,전류
363,1000592128163,프레시지,해물누룽지탕 2인분,13900,4.5,2,,해물/생선류
364,1000628428303,VIPS,빕스 하와이안 찹스테이크 361g 2개 + 볶음밥 2종 (멕불) + 피자2종 (하고),52500,,,,밥/면류
365,1000042646641,쿡솜씨,매콤오징어볶음 밀키트 2인분,12800,4.4,30,,밥/면류
366,1000629210888,푸딩팩토리,푸딩프렙 싱글 시래기 코다리찜 510g (1인분) 두툼쫄깃 밀키트 간편조리세트,11900,,,,찜류
367,1000632872220,대용량,강원도 생감자로 만든 감자 칼국수/수제비/옹심이,12560,5.0,1,,국류
368,1000631839440,프레시지,삼치구이 70g x4팩,25900,,,,구이류
369,1000628166859,,천호 쭈꾸미 볶음 300g 1봉,13300,,,,밥/면류
370,1000635612692,수다쟁이밥상,꽃미남쭈꾸미 양념쭈꾸미 600g x5팩 캠핑요리 간편식 밀키트 간편조리 저녁 메뉴,94737,,,,기타
371,1000641687384,프레시지,"[1월 24일 07시까지 주문시, 명절전 출고][프레시지] LA갈비&갈비탕 선물세트(3.1kg)_A30",77900,,,,고기류
372,1000626449172,외갓집,저먼 제로 부어스트 소시지 1kg X 3팩,59900,,,,기타
373,1000629343516,외갓집,시골밥상 청국장찌개 600g X 3팩,28900,,,,찌개류
374,1000641386331,프레시지,춘천양념무뼈닭발 500g x2팩,29800,,,,닭요리
375,1000641386293,프레시지,춘천양념닭갈비 500g x2팩,19800,,,,고기류
376,1000641692263,메이필드호텔,인기간편식 모음전,48700,,,,전류
377,1000626286102,기타,[한인한식] 1978 쓰촨 마라탕 매운맛 600g X 3팩,32500,,,,기타
378,1000628037386,뭇나,한우 사태살 듬뿍 갈비탕 600g 3팩,23800,,,,고기류
379,1000628166857,,천호 쭈꾸미 볶음 300g 3봉,29900,,,,밥/면류
380,1000602310438,프레시지,든든밥상SET(진한도가니탕x2팩+광양식소불고기+매콤제육볶음),31600,,,,밥/면류
381,1000592128170,프레시지,[심프라이스] 고기폭탄우육면 1인분,13000,,,,기타
382,1000624916983,외갓집,장항동 진심 순대국 700g X 4팩,30900,,,,국류
383,1000629426819,,1분30초 초간단 골라담는 덮밥 3종 160g 3팩 쭈꾸미 낙지 오징어 매콤,17900,,,,기타
384,1000626286105,기타,[한인한식] 뚝딱 뚝배기 불고기 400g X 5팩,24900,,,,고기류
385,1000624791202,외갓집,진심 갈비탕 650g X 3팩,18500,,,,고기류
386,1000626062067,외갓집,소갈비탕 650g X 4팩,23900,,,,고기류
387,1000624791232,외갓집,진심 육개장 600g X 5팩,23500,,,,기타
388,1000634160491,,명절 수제 모듬전 5종세트 1kg 외,37540,4.4,5,,전류
389,1000631839852,프레시지,갈치구이 100g x4팩,33500,,,,구이류
390,1000629210372,푸딩팩토리,푸딩프렙 우삼겹 쫄면 순두부용 키트 450g 우동나베 밀키트 간편조리세트,12800,,,,기타
391,1000629210297,푸딩팩토리,푸딩프렙 우삼겹짜글이 340g 고깃집짜글이 밥도둑 안주킬러 밀키트 간편조리세트,12500,,,,기타
392,1000629211769,푸딩팩토리,모듬 어묵탕 300g (소스포함) 국내제조 보글보글 오뎅탕 어묵전골,4900,,,,전류
393,1000631839526,프레시지,가자미구이 130g x4팩,25900,,,,구이류
394,1000636195161,착한낙지,세트 6팩 손질낙지 6팩+양념 6팩,39900,,,,기타
395,1000616238656,프레시지,심프라이스 소고기팟타이 306g x4팩,35700,,,,기타
396,1000641947504,100%메밀면,세모면 들기름막국수(2인분),12000,4.6,23,2844,국류
397,1000641947518,한반,살얼음동동 김치말이국수,10900,4.7,95,,국류
398,1000626576265,외갓집,간단식단 닭가슴살 김치만두 180g X 3팩,9900,,,,닭요리
399,1000051002229,,농심 바몬드 매운맛 115g x10개,26220,,,,기타
400,1000293363813,웰리트,이탈리안 쉬림프 로제파스타 밀키트 (2인분),19900,,,,기타
401,1000293363813,웰리트,이탈리안 쉬림프 로제파스타 밀키트 (2인분),19900,,,,기타
402,1000361934276,쿠즈락앳홈,분모자 더 블랙찜닭 간장찜닭 캠핑음식 밀키트,16900,,,,찜류
403,1000522333758,맘마레시피,끼니키트 나물솥밥 조리키트 나물 리필 3종,4000,,,,기타
404,1000567207284,,쿠즈락앳홈 한입 스테이크 280g 10팩,56300,,,,기타
405,1000567034958,우정제면소,멸치맛 수제비 12인분세트 (생수제비2kg+스프12봉),15500,,,,기타
406,1000534843554,,닭다리가 4개 들어있는 사다리닭볶음탕 2인분,19600,5.0,1,1704,밥/면류
407,1000624833880,외갓집,부산 돼지국밥 500g X 5팩,28500,,,,국류
408,1000629426819,,1분30초 초간단 골라담는 덮밥 3종 160g 3팩 쭈꾸미 낙지 오징어 매콤,17900,,,,기타
409,1000624791232,외갓집,진심 육개장 600g X 5팩,23500,,,,기타
410,1000634160491,,명절 수제 모듬전 5종세트 1kg 외,37540,4.4,5,,전류
411,1000624833852,외갓집,부산 돼지국밥 500g X 3팩,17500,,,,국류
412,1000624916983,외갓집,장항동 진심 순대국 700g X 4팩,30900,,,,국류
413,1000626286105,기타,[한인한식] 뚝딱 뚝배기 불고기 400g X 5팩,24900,,,,고기류
414,1000624791202,외갓집,진심 갈비탕 650g X 3팩,18500,,,,고기류
415,1000626062067,외갓집,소갈비탕 650g X 4팩,23900,,,,고기류
416,1000624378281,,(실온) [외갓집] 1978 고기곰탕 500g X 5팩,30900,,,,기타
417,1000624378251,,(실온) [외갓집] 1978 도가니탕 500g X 2팩,18500,,,,기타
418,1000624987330,외갓집,고랭지 김치찌개 500g X 3팩,18900,,,,찌개류
419,1000626585484,외갓집,착한 제주 돼지 간장불고기 120g X 5팩,19900,,,,고기류
420,1000098846600,쿡솜씨,돼지고기 두부찌개 2인분 밀키트,13800,,,,찌개류
421,1000616238656,프레시지,심프라이스 소고기팟타이 306g x4팩,35700,,,,기타
422,1000626286102,기타,[한인한식] 1978 쓰촨 마라탕 매운맛 600g X 3팩,32500,,,,기타
423,1000628037386,뭇나,한우 사태살 듬뿍 갈비탕 600g 3팩,23800,,,,고기류
424,1000628166857,,천호 쭈꾸미 볶음 300g 3봉,29900,,,,밥/면류
425,1000629544716,뭇나,살코기 듬뿍 소갈비찜 600g 2팩 외 한우 불고기/한우 갈비탕/한우 고기곰탕,29700,,,,고기류
426,1000641947504,100%메밀면,세모면 들기름막국수(2인분),12000,4.6,23,2844,국류
427,1000641947518,한반,살얼음동동 김치말이국수,10900,4.7,95,,국류
428,1000626576265,외갓집,간단식단 닭가슴살 김치만두 180g X 3팩,9900,,,,닭요리
429,1000631839526,프레시지,가자미구이 130g x4팩,25900,,,,구이류
430,1000600834652,,바다가득 문어솥밥,19280,,,,기타
431,1000605977692,단짠예찬,양념 쭈꾸미 볶음 500g(쭈꾸미70%),19800,,,,밥/면류
432,1000606961055,프레시지,최현석의 한돈한우 트러플크림함박스테이크 180g x5팩 (소비기한2025-04-23),32500,3.5,2,,기타
433,1000636195161,착한낙지,세트 6팩 손질낙지 6팩+양념 6팩,39900,,,,기타
434,1000619675784,홍대쭈꾸미,홍대 쭈꾸미삼겹살 420g 3팩 수제양념 쭈꾸미볶음,35910,,,,밥/면류
435,1000629210372,푸딩팩토리,푸딩프렙 우삼겹 쫄면 순두부용 키트 450g 우동나베 밀키트 간편조리세트,12800,,,,기타
436,1000629210297,푸딩팩토리,푸딩프렙 우삼겹짜글이 340g 고깃집짜글이 밥도둑 안주킬러 밀키트 간편조리세트,12500,,,,기타
437,1000629211769,푸딩팩토리,모듬 어묵탕 300g (소스포함) 국내제조 보글보글 오뎅탕 어묵전골,4900,,,,전류
438,1000641386233,프레시지,청년다방 춘천닭갈비 국물 떡볶이 560g x4팩,43200,,,,고기류
439,1000629210442,푸딩팩토리,푸딩프렙 얼큰 동태탕 600g 명태곤이 북어육수 밀키트 간편조리세트,11800,,,,기타
440,1000631839852,프레시지,갈치구이 100g x4팩,33500,,,,구이류
441,1000642394452,프레시지,theEASY 매콤제육볶음 260g x 4팩,48000,,,,밥/면류
442,1000635575839,수다쟁이밥상,꽃미남쭈꾸미 양념쭈꾸미 600g x2팩 캠핑요리 간편식 밀키트 간편조리 저녁메뉴,39737,,,,기타
443,1000605740179,,용두동 할매 쭈꾸미 400g x 3개,43900,,,,기타
444,1000605974990,,속초오마니 쭈꾸미/낙지/쭈삼/낙삼 볶음 총1200g 모음전,33900,,,,밥/면류
445,1000635549499,수다쟁이밥상,교동낙지 450gx4팩 캠핑요리 간편식 밀키트 간편조리 저녁 메뉴덮밥,68750,,,,기타
446,1000629209872,푸딩팩토리,푸딩프렙 토마토 해장파스타 330g 밀키트 얼큰하게 속 풀리는 안주형 스파게티,7900,,,,기타
447,1000065695182,ENTREE,앙트레 고추 유린기 쿠킹박스 밀키트(2인분),16900,4.5,15,,기타
448,1000532349928,프레시지,소고기찹스테이크 2인분+마라탕512g (냉장 밀키트),28900,,,,기타
449,1000593333716,아임셰프,낙지 비빔칼국수 849g 밀키트,16900,,,,국류
450,1000624714086,외갓집,고기곰탕 500g X 2팩,9900,,,,기타
451,1000633879814,프레시지,교동면옥 육전 비빔냉면,8590,4.6,36,1398,전류
452,1000602274562,프레시지,고향집밥SET(고깃집된장찌개+소고기버섯잡채+서울식불고기전골)(냉장),38700,,,,찌개류
453,1000608598129,,고기말이 손말이고기 밀키트 (소스 포함) 삼겹대파말이 / 삼겹새우말이,10900,,,,기타
454,1000604280387,프레시지,최현석의 대왕소갈비찜 1500g (소비기한2025-01-11),40000,2.5,2,,고기류
455,1000605916766,사조,24/7 매콤 쫄깃한 주꾸미철판볶음 350g X 2,17500,,,,밥/면류
456,1000071245355,쿡솜씨,삼합짜글이찌개 밀키트 2인분,14800,4.5,2,,찌개류
457,1000619967545,홍대쭈꾸미,300g 약간매운맛 2팩+매운맛 2팩 수제양념 쭈꾸미볶음,34500,,,,밥/면류
458,1000624934804,외갓집,장항동 진심 순대국 700g X 2팩,15900,,,,국류
459,1000626232184,외갓집,속초식 닭강정 매콤달콤양념 650g X 2팩,29900,,,,닭요리
460,1000619967489,홍대쭈꾸미,300g 매운맛 6팩 수제양념 쭈꾸미볶음,48400,,,,밥/면류
461,1000626348247,외갓집,간단식단 닭가슴살 고기만두 180g X 6팩,18900,,,,닭요리
462,1000624916965,외갓집,진부령 황태 해장국 600g X 5팩,29900,,,,국류
463,1000624833668,외갓집,진심 갈비탕 650g X 5팩,29900,,,,고기류
464,1000619967664,홍대쭈꾸미,500g 매운맛 4팩 수제양념 쭈꾸미볶음,51600,,,,밥/면류
465,1000272808915,대양푸드,실속 대용량 알싸한 고추냉이잎 장아찌 절임,16900,,,,기타
466,1000036704553,하늘농가,냉동 산채비빔밥_간장 4팩,18000,5.0,2,8372,밥/면류
467,1000042757357,쿡솜씨,제육짜글이찌개 밀키트 2인분,12800,4.7,20,,찌개류
468,1000572080335,신세계푸드,YWE 유아왓유잇 나폴리탄스파게티 285g 2개,22000,3.0,2,3551,기타
469,1000552952188,프레시지,theEASY 미트볼라구파스타,8900,4.3,3,,기타
470,1000541282326,프레시지,호로록우삼겹떡볶이 2인분x2팩 + 매콤깻잎순대볶음 2인분(냉장),33900,,,,밥/면류
471,1000526071407,청정원,호밍스 밀키트  궁중식 간장양념 찜닭 670g x2개,27800,4.0,1,,찜류
472,1000532151808,프레시지,부채살페퍼스테이크 190gx4팩,38900,,,,기타
473,1000534726339,프레시지,차돌박이숙주볶음 2인분+소고기 야끼소바 2인분+짬뽕 순두부 찌개(냉장),39900,5.0,1,,찌개류
474,1000530873453,맛수러움,바다가득 해물폭탄찜 2-3인분 해물찜 쿠킹박스/밀키트,33900,,,2295,찜류
475,1000532349416,프레시지,홈자카야SET(밀푀유나베+차돌박이숙주볶음+소고기야끼소바)(냉장밀키트),49900,,,,밥/면류
476,1000534716052,프레시지,장칼국수+소고기 야끼소바 (냉장),19900,5.0,1,,국류
477,1000534714373,프레시지,감바스알아히요 2인분x2팩 4인분 (냉장),22900,5.0,4,,기타
478,1000534712790,프레시지,자이언트부대찌개 2인분(냉장),15900,5.0,4,,찌개류
479,1000548230389,쿡솜씨,시래기코다리조림 밀키트 2인분,15800,3.0,1,,기타
480,1000557511129,,싱싱 알탕 1kg x 2팩,32900,,,,기타
481,1000272808915,대양푸드,실속 대용량 알싸한 고추냉이잎 장아찌 절임,16900,,,,기타
482,1000541282326,프레시지,호로록우삼겹떡볶이 2인분x2팩 + 매콤깻잎순대볶음 2인분(냉장),33900,,,,밥/면류
483,1000534726339,프레시지,차돌박이숙주볶음 2인분+소고기 야끼소바 2인분+짬뽕 순두부 찌개(냉장),39900,5.0,1,,찌개류
484,1000542235659,아이홈푸드,[우정제면소] 들깨 수제비 12인분세트 (생수제비2kg+들깨가루12봉),20500,,,,기타
485,1000534716052,프레시지,장칼국수+소고기 야끼소바 (냉장),19900,5.0,1,,국류
486,1000534714373,프레시지,감바스알아히요 2인분x2팩 4인분 (냉장),22900,5.0,4,,기타
487,1000548230389,쿡솜씨,시래기코다리조림 밀키트 2인분,15800,3.0,1,,기타
488,1000557511129,,싱싱 알탕 1kg x 2팩,32900,,,,기타
489,1000526071407,청정원,호밍스 밀키트  궁중식 간장양념 찜닭 670g x2개,27800,4.0,1,,찜류
490,1000532151808,프레시지,부채살페퍼스테이크 190gx4팩,38900,,,,기타
491,1000619967489,홍대쭈꾸미,300g 매운맛 6팩 수제양념 쭈꾸미볶음,48400,,,,밥/면류
492,1000619967664,홍대쭈꾸미,500g 매운맛 4팩 수제양념 쭈꾸미볶음,51600,,,,밥/면류
493,1000621093901,프레시지,최현석 규카츠 120g x5팩,49500,4.5,2,,기타
494,1000626348247,외갓집,간단식단 닭가슴살 고기만두 180g X 6팩,18900,,,,닭요리
495,1000602310407,프레시지,뜨끈밥상SET(한우설렁탕x2팩+광양식소불고기+매콤제육볶음),31600,,,,밥/면류
496,1000604899463,빅마마이혜정,아주 맛있는 삼겹쭈꾸미 400g x 5팩,51900,,,,기타
497,1000562811376,프레시지,부채살 3종 맛보기SET(블랙라벨x2+부채살x2+페퍼x2),79900,,,,기타
498,1000572080335,신세계푸드,YWE 유아왓유잇 나폴리탄스파게티 285g 2개,22000,3.0,2,3551,기타
499,1000596952447,,신림동 순대타운 양지순천집 양념 곱창볶음(순대X),13900,,,,밥/면류
500,1000632037301,,잇츠베러 마라탕 밀키트 캠핑음식 캠핑 간편 요리 두부국수 콩단백면 2인분,7000,3.0,1,,국류
501,1000629208920,푸딩팩토리,얼큰 가마보꼬 어묵탕 340g 꼬치어묵 오뎅탕 집들이오뎅탕 캠핑국물요리,8900,,,,국류
502,1000619967545,홍대쭈꾸미,300g 약간매운맛 2팩+매운맛 2팩 수제양념 쭈꾸미볶음,34500,,,,밥/면류
503,1000624934804,외갓집,장항동 진심 순대국 700g X 2팩,15900,,,,국류
504,1000641687357,프레시지,"[1월 24일 07시까지 주문시, 명절전 출고][프레시지] 소갈비찜&갈비탕 선물세트(4.7Kg)_A27",76900,,,,고기류
505,1000624833668,외갓집,진심 갈비탕 650g X 5팩,29900,,,,고기류
506,1000626232184,외갓집,속초식 닭강정 매콤달콤양념 650g X 2팩,29900,,,,닭요리
507,1000631839802,프레시지,갈치구이,12000,,,,구이류
508,1000630608099,효뽀끼,"초간편 쌀떡볶이(어묵,만두포함)2인분 6팩",39900,,,,분식류
509,1000628429216,VIPS,빕스 원팬 파스타 2종 (로제+까) + 볶음밥 2종 (멕불) + 피자2종 (하고),42900,,,,밥/면류
510,1000629344432,외갓집,시골밥상 청국장찌개 600g X 4팩,38500,,,,찌개류
511,1000641386284,프레시지,춘천양념닭목살 500g x6팩,71400,,,,구이류
512,1000631072320,,코다노 회오리 감자700g(70g10개입) 감자 국내산+ 치즈시즈닝10g20개입,39900,,,,국류
513,1000586080365,송쭈집,프리미엄 양념 쭈꾸미 볶음 500g 3팩 파격 구성,47900,5.0,1,3000,밥/면류
514,1000042646141,쿡솜씨,담양청국장 밀키트 2인분,12800,4.9,23,,국류
515,1000609885481,프레시지,선물세트 5호(LA갈비4팩+도가니탕2팩+직화2팩)_A11,109900,,,,고기류
516,1000534715314,프레시지,블랙라벨스테이크 2인분x2팩 4인분 (냉장),37800,4.8,9,,기타
517,1000052463912,쿡솜씨,들깨백순대볶음 밀키트 2인분,12800,4.9,10,,밥/면류
518,1000623670015,프레시지,캠핑한상SET(김치어묵우동전골+갈릭스테이크+감바스),32700,,,,전류
519,1000622852019,프레시지,최현석 한돈한우 바질토마토 함박스테이크 180g x10팩 (소비기한2025-04-21),65000,4.0,7,,기타
520,1000624705398,외갓집/더명작,강남 모둠소국밥 800g X 3팩,40900,,,,국류
521,1000555333345,아임셰프,마라 가리비찜  밀키트 453g 캠핑 직화용기 제공,16900,,,,찜류
522,1000607012964,프레시지,육즙가득 스테이크 모음,13900,4.7,8,,기타
523,1000605884006,,속초 수제반찬 낙지볶음 900g[300gx3팩],25900,,,,밥/면류
524,1000605902316,,김수미그때그맛 김수미 매운 낙지/쭈꾸미 볶음 300g 4팩/8팩,37900,,,,밥/면류
525,1000593328784,아임셰프,닭 한마리 전골 1840g 밀키트,22900,,,,전류
526,1000624377848,외갓집/더명작,한우 미역국 600g X 4팩,26900,,,,국류
527,1000624851274,외갓집,장항동 진심 열 순대국 700g X 4팩,32900,,,,국류
528,1000626432214,외갓집,아질산나트륨 무첨가 저먼제로 비엔나 700g X 3팩,40500,,,,기타
529,1000626196071,기타,[한인한식] 뼈해장국 650g X 4팩,22900,,,,국류
530,1000605866586,,잇투헤븐 팔당 불 오징어 매운 오징어 볶음 400g 2/4/6세트 선택,19900,,,,밥/면류
531,1000624833824,외갓집,부산 돼지국밥 500g X 4팩,22900,,,,국류
532,1000307543699,웰리트,정통 미국식 수제 치즈 햄버거 밀키트 (3인분),21900,,,,국류
533,1000293780707,웰리트,추억의 냄비 즉석 떡볶이 밀키트 (2인분),10900,,,,분식류
534,1000326369525,,편스토랑 진또배기 매운 마늘고기찜,18000,5.0,3,,찜류
535,1000456945769,웰리트,9가지 해초 양지 쌀국수 밀키트 (3인분),22900,,,22700,베트남식
536,1000541262076,프레시지,블랙라벨스테이크 2인분 + 쉬림프로제파스타 2인분 (냉장),29900,5.0,1,,기타
537,1000455093146,사그담,[르비스트로]이탈리안 정통 가정식 트러플버섯크림 라자냐,19900,,,4578,기타
538,1000534790228,프레시지,호로록우삼겹떡볶이 2인분+매콤깻잎순대볶음 2인분+장 칼국수 2인분(냉장),35900,,,,밥/면류
539,1000534726794,프레시지,자이언트부대찌개 2인분+짬뽕순두부 찌개 2인분+마라탕 2인분(냉장),38900,,,,찌개류
540,1000534711386,프레시지,짬뽕순두부찌개x2 (냉장),21800,5.0,2,,찌개류
541,1000332643541,쿡솜씨,우삼겹순두부찌개 밀키트 2인분,12800,,,,찌개류
542,1000352845481,쿡솜씨,해물된장찌개 밀키트 2인분,12800,,,,찌개류
543,1000467212731,,Maggi 매기 토마토 애호박 그라탕,4980,,,,기타
544,1000575915500,신세계푸드,YWE 유아왓유잇 베스트세트 자장면+브리또+스파게티,28780,4.6,3,,기타
545,1000530231300,프레시지,캠핑포차 꼬치어묵탕 2인분,12900,,,,기타
546,1000534736570,프레시지,우삼겹순두부찌개 2인분x2팩 4인분(냉장),15900,4.6,6,,찌개류
547,1000546944874,마루코메,미소시루 일본 즉석 된장국 9종 택1,2500,,,,국류
548,1000037058669,프레시지,장칼국수 2인분 (냉장),10900,4.7,210,,국류
549,1000048641221,아임셰프,차돌 된장찌개 (2인분),17900,,,,찌개류
550,1000048645606,아임셰프,고기듬뿍 시골김치찌개 (2인분),17900,3.0,1,,찌개류
551,1000051002227,,농심 바몬드 순한맛 115g x10개,26220,,,,기타
552,1000567034962,우정제면소,맑은해물맛 수제비 6인분세트 (생수제비1kg+스프6봉),10900,,,,해물/생선류
553,1000548218026,쿡솜씨,동태탕 밀키트 2인분,12800,,,,기타
554,1000557511339,,싱싱 녹두 빈대떡 반죽,18900,,,,전류
555,1000563452929,아임셰프,일품 중식 요리 해물 누룽지탕 380g (2인분),15900,4.5,2,,해물/생선류
556,1000567207278,,쿠즈락앳홈 한입 스테이크 280g 24팩,128000,,,,기타
557,1000593302708,식탁이야기,[1936육개장터] 소곱창전골/낙곱새/곱도리탕 골라담기,29900,3.0,1,,전류
558,1000641660468,,매콤 맛있는 시래기 코다리찜 1.5kg(양구시래기 0.2kg포함),22900,,,,찜류
559,1000541272100,프레시지,바질크림빠네파스타 2인분 x 2팩 4인분 (냉장),25800,,,,기타
560,1000629209192,푸딩팩토리,푸딩프렙 우삼겹 야끼소바 430g 밀키트 오리엔탈 퓨전일식 볶음우동,11800,,,,밥/면류
561,1000615005253,프레시지,차슈 돈코츠라멘 200g x6팩,42900,,,,일식
562,1000604899436,빅마마이혜정,아주 맛있는 삼겹쭈꾸미 3팩 + 쫄깃쭈꾸미 2팩,53900,,,,기타
563,1000034244616,프레시지,마라탕 (2인분) 냉장밀키트,16900,4.6,853,,기타
564,1000629209822,푸딩팩토리,푸딩프렙 해물 토마토탕 280g 해장 토마토스튜 밀키트 간편조리세트,11800,,,,해물/생선류
565,1000629210020,푸딩팩토리,푸딩프렙 나쵸 토핑! 텍사스 칠리 콘 카르네 250g 멕시코요리 이색안주,9400,,,,기타
566,1000631853563,프레시지,최현석의 우삼겹마라크림짬뽕 677g x4팩,67600,,,,중식
567,1000629210587,푸딩팩토리,술찜용 모듬조개탕 370g 특제소스 소주안주 국물요리 손질조개 홈술 포차,9900,,,,찜류
568,1000626711372,외갓집,속초식 닭강정 마늘간장양념 650g X 2팩,29900,,,,닭요리
569,1000631084555,,코다노 회오리 감자700g(70g10개입) 감자 국내산+ 치즈시즈닝10g 30개입,55900,,,,국류
570,1000626611468,외갓집,간단식단 닭가슴살 김치만두 180g X 4팩,12900,,,,닭요리
571,1000624378206,,(실온) [외갓집] 1978 도가니탕 500g X 3팩,27500,,,,기타
572,1000626314407,외갓집,저먼 제로 부어스트 소시지 1kg X 1팩,20900,,,,기타
573,1000626339783,외갓집,두마리 코다리조림 1.2Kg X 3팩,61500,,,,기타
574,1000593331644,아임셰프,낙지 넣은 부추 부침개 680g 밀키트,20900,,,,기타
575,1000627177307,CJ제일제당,[본사배송][밀키트] 비비고 스팸부대전골 690g X 2개,29900,,,,전류
576,1000631839211,프레시지,가자미구이,9000,,,,구이류
577,1000633879810,프레시지,초계국수,8900,4.8,28,892,국류
578,1000624737239,외갓집/더명작,강남 모둠소국밥 800g X 2팩,27900,,,,국류
579,1000616197927,프레시지,[SSG단독] [프레시지] LA갈비세트2호 (LA갈비 3팩(1.5kg) + 직화스테이크 3팩 + 도가니탕 2팩),82900,,,,고기류
580,1000624732845,외갓집,사골곰탕 500g X 5팩,12900,,,,기타
581,1000592128187,프레시지,[심프라이스] 매운떡볶이,11000,,,,분식류
582,1000641069435,기타,[한인한식] 육개장 600g X 4팩,14900,,,,기타
583,1000641687375,프레시지,"[1월24일07시까지주문시, 명절전 출고]갈비 종합(LA갈비,소갈비찜,갈비탕)선물세트(3.6kg)_A29",78900,,,,고기류
584,1000623452213,강원더몰,양구재래식손두부 짜박두부소스 170g 선물용10개입,29000,,,,기타
585,1000626599338,외갓집,아질산나트륨 무첨가 저먼제로 비엔나 700g X 5팩,66500,,,,기타
586,1000641069422,기타,[한인한식] 육개장 600g X 3팩,11900,,,,기타
587,1000629210842,푸딩팩토리,푸딩프렙 들기름쫄면 400g 들기름막국수 쫄면버전!,11800,,,,전류
588,1000608593818,,"샤브하루 샤브샤브 밀키트 3종 (칼국수, 찍먹소스 3종 포함)",15900,,,2092,국류
589,1000554530238,프레시지,바를정육 한입LA갈비 500gx4팩,68900,5.0,7,,고기류
590,1000032422068,ENTREE,앙트레 마라감바스 쿠킹박스 밀키트(2인분),16900,4.5,130,,기타
591,1000293776184,웰리트,매콤한 우삼겹 즉석 떡볶이 밀키트 (2인분),21900,,,,분식류
592,1000602274544,프레시지,알찬분식SET(호로록우삼겹떡볶이+신림동백순대볶음+[캠핑포차]꼬치어묵탕)(냉장),36700,,,,밥/면류
593,1000555106307,프레시지,[99`s fresh]칼칼한김치찌개,6980,4.6,516,1745,찌개류
594,1000632999224,수다쟁이밥상,또순이네 철판 떡볶이 460g x 2팩 분식 간편조리식품 아이간식 양념떡볶이 즉석떡볶이,15125,,,,분식류
595,1000592103112,홈쿡,똠양꿍 밀키트 똠양쌀국수 2인분 똠얌꿍,15200,,,1676,베트남식
596,1000605890958,싱싱(하프클럽),낙지 야채볶음 320g x 2개입,12900,,,,밥/면류
597,1000605740154,,용두동 할매 쭈꾸미 300g x 2개,21000,,,,기타
598,1000598413302,,복원 홍소우육면 대만라면 밀키트 우육탕면,8500,,,,기타
599,1000534709754,프레시지,서울식불고기전골 2인분(냉장),11900,5.0,2,,고기류
600,1000593463880,아임셰프,순살 바지락 칼국수 674g 밀키트,17900,,,,국류
601,1000593291357,프레시지,안일옥 진한 도가니탕,9900,,,,기타
602,1000592128177,프레시지,[심프라이스] 마라탕면 1인분,13000,,,,기타
603,1000605740190,,용두동 할매 쭈꾸미,14000,,,,기타
604,1000605884103,,속초 수제반찬 쭈꾸미볶음 900g[300gx3팩],25900,,,,밥/면류
605,1000605852232,,양지팔당닭발 매운 오징어 볶음 덜매운맛 400g×3팩,39900,,,,밥/면류
606,1000066380416,아임셰프,안동식 순살 매콤 찜닭 2인분 밀키트,17900,4.6,3,,찜류
607,1000629548394,푸딩팩토리,푸딩프렙 스키야끼나베 470g 일본식 소고기전골 우동포함 이자카야 밀키트,15900,,,,전류
608,1000628294315,,간편식 동결건조 바지락된장국(95g),12000,,,,국류
609,1000624377841,외갓집/더명작,양평해장국 800g X 3팩,31500,,,,국류
610,1000626236689,외갓집,저먼 제로 부어스트 소시지 1kg X 2팩,40900,,,,기타
611,1000631839471,프레시지,가자미구이 130g x2팩,13800,,,,구이류
612,1000624833450,외갓집,진심 우거지 갈비탕 650g X 3팩,22500,,,,고기류
613,1000624377850,외갓집/더명작,한우 미역국 600g X 5팩,33500,,,,국류
614,1000624833415,외갓집,진심 우거지 갈비탕 650g X 2팩,15500,,,,고기류
615,1000624916896,외갓집,진심 소내장탕 700g X 4팩,32900,,,,기타
616,1000626363446,,(실온) [외갓집] 1978 사골곰탕 500g X 4팩,9900,,,,기타
617,1000624699103,외갓집,고기곰탕 500g X 3팩,14500,,,,기타
618,1000624427399,외갓집/더명작,버드나무집 추어탕 700g X 5팩,51500,,,,기타
619,1000626255171,외갓집,착한 제주 돼지 간장불고기 120g X 2팩,8900,,,,고기류
620,1000621093892,프레시지,최현석 규카츠&우동정식 743g x2팩(소비기한2024-12-05),25800,5.0,1,,기타
621,1000633641148,수다쟁이밥상,또순이네 철판 떡볶이 460g x 4팩 분식 간편조리식품 아이간식 양념떡볶이 즉석떡볶이,33275,,,,분식류
622,1000554951277,보섭이네푸드,"초가1999 소불고기 전골 1.6kg(대,1팩)",52500,,,3208,고기류
623,1000045537535,비비수산,손질낙지 절단낙지 (500g),7500,4.7,13,,기타
624,1000622852025,프레시지,최현석의 한돈한우 트러플크림함박스테이크 180g x10팩 (소비기한2025-04-23),65000,5.0,4,,기타
625,1000518259397,BIBS,[빕스] 시그니처 스테이크 3종 2팩,29800,4.0,1,,기타
626,1000584666232,사그담,이남장 설렁탕 550g 4개,42900,,,1696,기타
627,1000562811651,프레시지,BEST SET(블랙라벨스테이크+밀푀유나베+서울식불고기전골)(냉장),41900,,,,고기류
628,1000555326005,아임셰프,한우 대창 모츠나베 / 대창 전골 밀키트 (2인분) 738g 캠핑 직화용기 제공,23900,,,,전류
629,1000563456158,아임셰프,담백하고 진한 돼지고기 김치찌개 410g (2인분),14900,4.0,2,,찌개류
630,1000567034966,우정제면소,들깨 수제비 6인분세트 (생수제비1kg+들깨가루6봉),12900,,,,기타
631,1000021387077,자연미가,청정양구 펀치볼 배추우거지 1.2kg(300gx4팩) / 냉동밀봉포장. 부드럽고 구수한 고랭지 우거지. 다양한 음식에 첨가 감자탕 나물 우거지국,16800,5.0,11,1400,국류
632,1000048851824,아임셰프,우사골 소고기 마라탕 (2인분),18900,5.0,2,,기타
633,1000049469052,사그담,30년전통 지장산 칡냉면 물냉면 4인분,18900,,,630,전류
634,1000541265992,프레시지,블랙라벨스테이크 2인분 + 바질크림빠네파스타 2인분 (냉장),29900,5.0,1,,기타
635,1000555323391,아임셰프,미국 남부식 보일링 씨푸드 / 미국식 봉지 해물찜 밀키트 (2인분) 718g 캠핑 직화용기,18900,5.0,2,,찜류
636,1000542233556,아이홈푸드,[우정제면소] 멸치맛 수제비 6인분세트 (생수제비1kg+스프6봉),9900,,,,기타
637,1000552952212,프레시지,theEASY 쉬림프알리오올리오 320gx4팩,31600,5.0,1,,기타
638,1000641386345,프레시지,춘천양념무뼈닭발 500g x4팩,59600,,,,닭요리
639,1000641386272,프레시지,춘천양념닭목살 500g x4팩,47600,,,,구이류
640,1000546944871,,"아마노푸드 조미료무첨가,재첩,돈지루 된장국 3종 택1",2900,,,,국류
641,1000541662825,,닭다리가 4개 들어있는 사다리간장찜닭 2인분,19600,,,1782,찜류
642,1000546944884,마루코메,미소시루 아와세 즉석 된장국 12개입,4500,,,,국류
643,1000034863751,ENTREE,앙트레 고소한 누룽지 삼계탕 쿠킹박스 밀키트(2인분),22900,4.9,43,,기타
644,1000587468467,프레시지,홈파티 등심찹스테이크 2팩 외 BEST 밀키트 모음전,36340,5.0,6,,전류
645,1000629210632,푸딩팩토리,얼큰김치수제비 350g 비오는날 얼큰한 메뉴 식사대용 밀키트,7900,,,,기타한식류
646,1000629209948,푸딩팩토리,푸딩프렙 오지 치즈 프라이 390g 패밀리 레스토랑 히트 메뉴 밀키트,12900,,,,기타
647,1000530214954,프레시지,theEASY 감바스,9900,5.0,3,,기타
648,1000542234780,아이홈푸드,[우정제면소] 맑은해물맛 수제비 12인분세트 (생수제비2kg+스프12봉),14500,,,,해물/생선류
649,1000616238650,프레시지,심프라이스 소고기팟타이 306g x6팩,51100,,,,기타
650,1000629209428,푸딩팩토리,푸딩프렙 중화고추잡채 350g 꽃빵까지 완벽구성 밀키트 간편조리세트,11800,,,,밥/면류
651,1000605930704,,잇투헤븐 매운 팔당 불오징어삼겹 320g 2/4/6세트 선택,19900,,,,기타
652,1000629210801,푸딩팩토리,푸딩프렙 포장마차 옛날 냄비가락우동 380g 추억의 길거리 우동,7200,,,,기타
653,1000629209629,푸딩팩토리,푸딩프렙 마라 해물누룽지탕 350g 튀긴찹쌀누룽지 밀키트 간편조리세트,11800,,,,해물/생선류
654,1000641386305,프레시지,춘천양념닭갈비 500g x6팩,59400,,,,고기류
655,1000529174730,프레시지,탐나는밥상 순살찜닭 2인분,10900,3.0,1,,찜류
656,1000534793967,프레시지,신림동백순대볶음 2인분x2팩 4인분 +매콤깻잎순대볶음 2인x2팩 4인분(냉장),36900,,,,밥/면류
657,1000534715672,프레시지,블랙라벨스테이크 2인분x3팩 6인분(냉장),56700,5.0,9,,기타
658,1000534796090,프레시지,쉬림프로제파스타 2인분x2팩 4인분(냉장),21900,5.0,2,,기타
659,1000600987893,식탁이야기,여름맞이 건강보양식 해신탕 4~5인분 / 초계냉면 2인분,49900,5.0,2,,기타
660,1000604766723,홍대쭈꾸미,홍대낙지 300g 4팩 수제양념 낙지볶음,35100,,,,밥/면류
661,1000034043490,푸르젠,[부산 자갈치시장] 꼼장어 양념세트 (꼼장어 1kg + 양념 3팩),29900,4.3,3,2601,기타
662,1000548218744,쿡솜씨,안동찜닭 밀키트 2인분,12800,,,,찜류
663,1000547370237,프레시지,홈파티 베스트 A SET (블랙라벨스테이크+밀푀유나베+차돌박이숙주볶음) (냉장),41900,5.0,1,,밥/면류
664,1000548228986,쿡솜씨,마파두부 밀키트 2인분,13800,,,,기타
665,1000082839068,우체국쇼핑,송점숙 자연산 간장새우장 200g*2병,21900,4.0,13,5475,기타
666,1000182500328,,잇츠온 밀키트_부채살 찹 스테이크 키트,22500,5.0,2,,기타
667,1000154673292,,잇츠온 밀키트_치즈닭갈비,20000,5.0,1,,고기류
668,1000567034968,우정제면소,들깨 수제비 12인분세트 (생수제비2kg+들깨가루12봉),20900,,,,기타
669,1000578664454,밀팡,새우 감바스 알 아히요 밀키트 2인분,14900,4.0,1,,기타
670,1000555323695,아임셰프,허니 갈릭 보일링 씨푸드 / 미국식 봉지 해물찜 밀키트 (2인분) 780g 캠핑 직화용기 제공,18900,,,,찜류
671,1000065416076,쿡솜씨,돼지고기두부찌개 밀키트 2인분,13800,5.0,2,,찌개류
672,1000182506438,,잇츠온 밀키트_프라임 스테이크,30900,1.0,1,,기타
673,1000272809169,대양푸드,실속 대용량 알싸한 고추냉이잎 장아찌 절임,32900,,,,기타
674,1000240207125,아임셰프,피자 블루밍 퀘사디아,20900,,,,기타
675,1000293777527,웰리트,추억의 쟁반 즉석 떡볶이 밀키트 (2인분),9900,,,,분식류
676,1000293367253,웰리트,야채품은 밀푀유나베 밀키트 (3인분),29800,1.0,1,,기타
677,1000293777206,웰리트,매콤한 우삼겹 냄비 떡볶이 밀키트 (2인분),22900,,,,분식류
678,1000563045278,아임셰프,얼큰 대구 알탕 밀키트 420g (2인분),14900,1.0,1,,기타
679,1000552337009,올인원마켓,(7206800) 3분 미트볼,3350,,,,기타
680,1000049469054,사그담,30년전통 지장산 칡냉면 물냉면 2인분,9900,,,607,전류
681,1000048848445,아임셰프,밀푀유나베 (2인분),22900,5.0,8,,기타
682,1000526395848,쿡솜씨,야채쫄면 1인분 밀키트,8800,5.0,3,,기타
683,1000626350046,외갓집,속초식 닭강정 매콤달콤양념 650g X 3팩,44500,,,,닭요리
684,1000605890981,싱싱(하프클럽),시래기 코다리조림 600g x 2팩,26900,,,,기타
685,1000626592317,외갓집,두마리 코다리조림 1.2Kg X 2팩,41900,,,,기타
686,1000624833532,외갓집,진심 우거지 갈비탕 650g X 5팩,36900,,,,고기류
687,1000624981172,외갓집,진심 소내장탕 700g X 5팩,39900,,,,기타
688,1000534718652,프레시지,서울식불고기전골 2인분+짬뽕순두부찌개(냉장),21900,,,,찌개류
689,1000599097246,,샤브하루 불 칼국수 밀키트 2인분,11900,,,,국류
690,1000605890975,싱싱(하프클럽),시래기 코다리조림,13900,,,,기타
691,1000616162020,주식회사 카우보이그릴,[카우보이그릴]텍사스 바베큐 참나무 훈연 자이언트 척립,67200,5.0,6,12600,기타
692,1000624791246,외갓집,진심 육개장 600g X 2팩,9900,,,,기타
693,1000629121374,,김포 운양동 맛집 위풍당당쭈꾸미,23500,,,,기타
694,1000633879736,프레시지,해운대암소갈비 뼈없는 갈비탕,13900,5.0,6,1738,고기류
694,1000626244978,외갓집,간단식단 닭가슴살 고기만두 180g X 2팩,6900,,,,닭요리
695,1000626329052,외갓집,간단식단 닭가슴살 고기만두 180g X 4팩,12900,,,,닭요리
695,1000555106303,프레시지,[99`s fresh]얼큰한 마라탕,8980,4.6,477,2494,기타
696,1000624377960,외갓집/더명작,바른 한우 사골곰탕 500g X 4팩,17900,,,,기타
696,1000555106292,프레시지,[99`s fresh]소고기볶음면,7980,4.7,132,2455,밥/면류
697,1000624377863,외갓집/더명작,한우 미역국 600g X 2팩,13900,,,,국류
697,1000626469696,외갓집,소갈비탕 650g X 5팩,29500,,,,고기류
698,1000624378246,,(실온) [외갓집] 1978 도가니탕 500g X 5팩,43500,,,,기타
698,1000534786070,프레시지,자이언트부대찌개 2인분+짬뽕순두부 찌개 2인분+우삼겹순두부 찌개 2인분(냉장),29900,5.0,1,,찌개류
699,1000552952199,프레시지,theEASY 쉬림프알리오올리오,8900,3.5,2,,기타
699,1000624961273,외갓집,진부령 황태 해장국 600g X 4팩,24900,,,,국류
700,1000547368215,프레시지,theEASY 감바스 300g x4팩,39600,5.0,1,,기타
700,1000632291178,,500gx5팩 (매운맛),63900,,,,기타
701,1000576158820,월드킷,똠양꿍 밀키트 현지 비법소스(2인),14900,5.0,1,3111,기타
701,1000631839838,프레시지,갈치구이 100g x2팩,17800,,,,구이류
702,1000624699091,외갓집,도가니탕 500g X 5팩,42900,,,,기타
702,1000632291180,,500gx5팩(보통매운맛3팩+매운맛2팩),63900,,,,기타
703,1000567034956,우정제면소,멸치맛 수제비 6인분세트 (생수제비1kg+스프6봉),10900,,,,기타
703,1000595539271,,신림동 순대타운 양지순천집 백순대 3인분,27900,,,,분식류
704,1000571840126,아임셰프,매콤한 땡초 손말이고기 18개입,17900,,,,기타
704,1000541269021,프레시지,밀푀유나베 2인분 +차돌박이숙주볶음 2인분 (냉장),27900,,,,밥/면류
705,1000251375002,ENTREE,앙트레  트러플 크림 치즈 뇨끼 쿠킹박스 밀키트(1인분),13900,3.8,5,,기타
705,1000614381956,홍대쭈꾸미,홍대갑오징어 300g 3팩 수제양념 갑오징어볶음,34900,,,,밥/면류
706,1000041262707,ENTREE,앙트레 눈꽃치즈 닭갈비 쿠킹박스 밀키트(2인분),17900,4.8,27,,고기류
706,1000615893992,정성곳간,강순의 명인의 모둠전 5종 8팩(육전2+동태전2+녹두전2+새송이버섯전1+산적1),59900,,,,전류
707,1000048647623,아임셰프,차돌 숙주 볶음우동,16900,5.0,1,,밥/면류
707,1000624918939,외갓집,고랭지 김치찌개 500g X 2팩,12900,,,,찌개류
708,1000624916955,외갓집,뚝배기 불고기 500g X 2팩,15900,,,,고기류
708,1000605926175,맘스킹,속초오마니 쭈꾸미/낙지/쭈삼/낙삼 볶음 총600g 모음전,19900,,,,밥/면류
709,1000602274571,프레시지,소고기버라이어티SET(소고기찹스테이크+소고기야끼소바+차돌박이숙주볶음)(냉장),46700,,,,밥/면류
709,1000624981183,외갓집,뚝배기 불고기 500g X 3팩,22900,,,,고기류
710,1000616160167,주식회사 카우보이그릴,[카우보이그릴]텍사스 바베큐 참나무 훈연 브리스킷,25000,4.2,14,11250,기타
710,1000624961259,외갓집,고랭지 김치찌개 500g X 5팩,30900,,,,찌개류
711,1000027678333,프레시지,차돌박이 숙주볶음 (2인분) 냉장 밀키트,12900,4.7,351,,밥/면류
711,1000624916908,외갓집,고랭지 김치찌개 500g X 4팩,24900,,,,찌개류
712,1000042757705,쿡솜씨,햄가득부대찌개 밀키트 2인분,12800,4.8,58,,찌개류
712,1000624699098,외갓집,고기곰탕 500g X 4팩,18900,,,,기타
713,1000052464209,쿡솜씨,깻잎매콤순대볶음 밀키트 2인분,12800,4.6,31,,밥/면류
713,1000626249335,외갓집,케이준 통살 치킨텐더 1.2kg X 3팩,72500,,,,기타
714,1000051762534,아임셰프,새우 크림 빠네 파스타 (2인분),20900,4.6,3,,기타
714,1000626893861,기타,[한인한식] 뚝딱 뚝배기 불고기 400g X 3팩,15500,,,,고기류
715,1000584127235,프레시지,[안일옥] 한우설렁탕,13000,,,,기타
715,1000613633986,오뚜기,올반 꿔바로우 1.2kg / 겉바속촉 탕수육,22200,,,1683,중식
716,1000591865832,오티삼립,냉동 시티델리 단짠단짠규동 259g 12개,88000,,,,기타
716,1000557511336,,싱싱 소고기 육전 200g x 2팩,18900,,,,전류
717,1000541282109,프레시지,호로록우삼겹떡볶이 2인분 X 2팩 4인분(냉장),31800,,,,분식류
717,1000051002225,,농심 바몬드 약간매운맛 115g x10개,26220,,,,기타
718,1000293871726,웰리트,혼자즐기는 미니 밀푀유나베 밀키트 (1~2인분),16500,,,,기타
718,1000608762817,VIPS,빕스 원팬 파스타 3종(명란까르보나라+쉬림프로제+볼로네제),34900,,,,기타
719,1000616238669,프레시지,심프라이스 소고기팟타이,13000,,,,기타
719,1000567034961,우정제면소,멸치맛 수제비 18인분세트 (생수제비3kg+스프18봉),20900,,,,기타
720,1000534793038,프레시지,신림동백순대볶음 2인분x2팩 4인분(냉장),20900,5.0,1,,밥/면류
720,1000616168424,주식회사 카우보이그릴,[카우보이그릴]텍사스 바베큐 참나무 훈연 홈파티팩 세트,169000,4.2,4,,기타
721,1000605852234,,양지팔당닭발 매운 오징어 볶음 오리지널 매운맛 400g×3팩,39900,,,,밥/면류
721,1000567034965,우정제면소,맑은해물맛 수제비 18분세트 (생수제비3kg+스프18봉),20900,,,,해물/생선류
722,1000605740622,,용두동 할매 낙지,17000,,,,기타
722,1000567211066,,쿡킷 트러플 부채살 찹스테이크 385g x3개,65900,,,,기타
723,1000605740166,,용두동 할매 쭈꾸미 300g x 3개,35900,,,,기타
723,1000027678333,프레시지,차돌박이 숙주볶음 (2인분) 냉장 밀키트,12900,4.7,351,,밥/면류
724,1000272808404,대양푸드,알싸한 고추냉이잎 장아찌 절임 300g x 3통,14900,,,,기타
724,1000042757705,쿡솜씨,햄가득부대찌개 밀키트 2인분,12800,4.8,58,,찌개류
725,1000051762534,아임셰프,새우 크림 빠네 파스타 (2인분),20900,4.6,3,,기타
725,1000362549134,,사옹원 바로먹는 한끼잡채 오리지널 210g 2개,10900,,,,밥/면류
726,1000057633454,아임셰프,해물 순두부찌개 (2인분),16900,4.0,3,,찌개류
726,1000602710678,프레시지,초계국수 2인분,9900,,,,국류
727,1000557511344,,싱싱 대구탕 360g x 3팩,18900,,,,기타
727,1000606961060,프레시지,최현석의 한돈한우 바질토마토함박스테이크 180g x5팩 (소비기한2025-04-21),32500,3.0,1,,기타
728,1000615005280,프레시지,차슈 돈코츠라멘,12000,,,,일식
728,1000561120331,,맛있게 매운 큼직한 매운양념 쭈꾸미 450g 2인분,13500,,,,기타
729,1000532151815,프레시지,부채살페퍼스테이크 190g(원육160g+소스30g)x5팩,39900,,,,기타
729,1000619967516,홍대쭈꾸미,300g 약간매운맛 4팩 수제양념 쭈꾸미볶음,34500,,,,밥/면류
730,1000293867729,웰리트,매콤 빠네 크림파스타 밀키트 (2인분),16900,5.0,1,,기타
730,1000624377979,외갓집/더명작,바른 한우 사골곰탕 500g X 5팩,21900,,,,기타
731,1000576188637,월드킷,마라샹궈 밀키트 재료만 약1kg(3인),25900,5.0,1,2598,기타
731,1000546944886,마루코메,미소시루 아와세 즉석 된장국 24개입,8600,,,,국류
732,1000584127235,프레시지,[안일옥] 한우설렁탕,13000,,,,기타
732,1000557511349,,싱싱 대구탕 360g x 2팩,12900,,,,기타
733,1000069918227,청정원,호밍스 밀키트 부산식 곱창전골 760g x 2개,30800,4.7,31,,전류
733,1000549890773,,곰스패밀리 선산곱창 2인분(2100g),18000,,,857,기타
734,1000557511164,,싱싱 오징어 야채 볶음 320g x 2팩 (덮밥용),13900,,,,밥/면류
734,1000584666238,사그담,강릉 엄지네포장마차 꼬막무침,32900,,,8694,기타
735,1000555335579,아임셰프,3종 해산물 마라 감바스 밀키트 (2인분),17900,,,,기타
735,1000595541353,,신림동 순대타운 양지순천집 백곱창 3인분,29900,,,,분식류
736,1000629577228,바다숲,감태 감칠국수 밀키트,25000,,,,국류
736,1000542850695,아임셰프,어린이셰프 알배추 겉절이 키트,13900,,,,기타
737,1000628428871,VIPS,빕스 단호박 찹스테이크 360.6g 2개 + 볶음밥 2종 (멕불) + 피자2종 (하고),52500,,,,밥/면류
737,1000546944880,마루코메,미소시루 즉석 된장국 5종,2500,,,,국류
738,1000034844460,남해바다,전복 삼계탕세트 / 전복1미+영계1마리,11500,3.0,1,1763,전류
738,1000534793038,프레시지,신림동백순대볶음 2인분x2팩 4인분(냉장),20900,5.0,1,,밥/면류
739,1000641687030,프레시지,"[1월 24일 07시까지 주문시, 명절전 출고][프레시지] 워커힐 갈비와직화 선물세트(1,920g)_A24",83900,,,,고기류
739,1000534710750,프레시지,소고기버섯잡채(냉장),11900,,,,밥/면류
740,1000541266703,프레시지,밀푀유나베 2인분+마라탕 2인분+감바스알아히요 2인분(냉장),45900,,,,기타
740,1000629344073,외갓집,시골밥상 청국장찌개 600g X 5팩,47900,,,,찌개류
741,1000641069426,기타,[한인한식] 육개장 600g X 5팩,17900,,,,기타
741,1000542233541,아이홈푸드,[우정제면소] 멸치맛 수제비 12인분세트 (생수제비2kg+스프12봉),14500,,,,기타
742,1000630837314,바로배송,"[뭇나] 따뜻한 마음, 한우 사태살 갈비탕 세트(3팩)",28900,,,,고기류
742,1000541282109,프레시지,호로록우삼겹떡볶이 2인분 X 2팩 4인분(냉장),31800,,,,분식류
743,1000633374528,바아압,불맛가득 속초 순살 통 코다리 직화구이 3팩,30000,,,,구이류
743,1000591865832,오티삼립,냉동 시티델리 단짠단짠규동 259g 12개,88000,,,,기타
744,1000602710659,프레시지,초계국수 2인분x5팩,30900,,,,국류
744,1000546944882,,나가타니엔 미소시루 즉석 된장국 아사게 3종 택1 10개입,5400,,,,국류
745,1000631071880,,코다노 회오리 감자700g(70g10개입) 2봉 감자 국내산,35900,,,,국류
745,1000293864859,웰리트,함박스테이크 토마토파스타 밀키트 (2인분),16900,,,,기타
746,1000293871726,웰리트,혼자즐기는 미니 밀푀유나베 밀키트 (1~2인분),16500,,,,기타
746,1000605977696,단짠예찬,양념 쭈꾸미 볶음 500g(쭈꾸미70%)x3팩,46500,,,,밥/면류
747,1000619097949,2개 구성,맛있게 매운 쭈꾸미 볶음,19900,,,,밥/면류
747,1000602710670,프레시지,초계국수 2인분x3팩,20900,,,,국류
748,1000038323040,아워홈,[푸른들마켓][아워홈] 온더고 로제파스타 미니함박,5900,4.0,2,2034,기타
748,1000641386247,프레시지,청년다방 춘천닭갈비 국물 떡볶이 560g x6팩,64800,,,,고기류
749,1000052464209,쿡솜씨,깻잎매콤순대볶음 밀키트 2인분,12800,4.6,31,,밥/면류
749,1000520064045,,싱싱 시래기 코다리 조림 600g x 2팩,25900,,,,기타
750,1000055581993,,아워홈 온더고 로제파스타&미니함박 290g x6개,33400,,,,기타
750,1000554530247,프레시지,바를정육 한입LA갈비 500gx6팩,104900,5.0,4,,고기류
751,1000642394449,프레시지,theEASY 광양식소불고기 261g 4팩,52000,,,,고기류
751,1000567034961,우정제면소,멸치맛 수제비 18인분세트 (생수제비3kg+스프18봉),20900,,,,기타
752,1000555106309,프레시지,[99`s fresh]고소한 들깨 백순대 볶음,7980,4.6,330,2084,밥/면류
752,1000628242683,푸딩팩토리,감바스 302g 냉동원팩 밀키트 간편조리세트 (면세),9900,,,,기타
753,1000631839264,프레시지,고등어구이 100g x2팩,13800,,,,구이류
753,1000029746346,ENTREE,[SSG Fresh]앙트레 얼큰한 해물 누룽지탕 쿠킹박스 밀키트(2인분),19900,4.7,216,,해물/생선류
754,1000626423726,외갓집,1분 30초 통등심 돈까스 650g X 2팩,31900,,,,기타
754,1000534729024,프레시지,블랙라벨스테이크 2인x2팩+감바스알하이요 2인x2팩 (냉장),58900,,,,기타
755,1000626940325,외갓집,간단식단 닭가슴살 김치만두 180g X 6팩,18900,,,,닭요리
755,1000532349300,프레시지,스페셜 홈자카야 나베SET(밀푀유나베+차돌박이숙주볶음+찹스테이크) (냉장),38900,5.0,2,,밥/면류
756,1000593733061,,소스/면류/반찬 모음전,4980,4.8,95914,,전류
756,1000628403865,청춘농장,신림동 순대타운 백순대/양념순대 순대 볶음 2인 구성별 모음전,16440,,,,밥/면류
757,1000626568541,기타,[한인한식] 뼈해장국 650g X 3팩,17500,,,,국류
758,1000624934802,외갓집,진부령 황태 해장국 600g X 3팩,18900,,,,국류
759,1000624934798,외갓집,뚝배기 불고기 500g X 4팩,29900,,,,고기류
760,1000621700092,프레시지,등심찹스테이크,19900,,,,기타
761,1000624833488,외갓집,진심 우거지 갈비탕 650g X 4팩,29900,,,,고기류
762,1000641975811,대용량,강원도 생감자로 만든 감자 칼국수/수제비/옹심이,14790,,,,국류
763,1000632102022,프레시지,가시제거직화순살고등어구이 75g x6팩,24600,,,,구이류
764,1000624377847,외갓집/더명작,한우 미역국 600g X 3팩,20500,,,,국류
765,1000624916946,외갓집,뚝배기 불고기 500g X 5팩,36900,,,,고기류
766,1000626267355,기타,[한인한식] 1978 쓰촨 마라탕 매운맛 600g X 5팩,52900,,,,기타
767,1000605740604,,용두동 할매 낙지 400g x 2개,33900,,,,기타
768,1000606072441,,맛있는家 양지팔당닭발 팔당불오징어볶음 덜매운맛 400g×2팩,28900,,,,밥/면류
769,1000629208750,푸딩팩토리,프리미엄 가마보꼬 어묵탕 1074g (358g x 3팩) 캠핑요리 수제 전통어묵,24900,,,,전류
770,1000641947542,하코야,살얼음동동 가라아게 냉우동,12980,4.7,145,,기타
771,1000624833634,외갓집,진심 갈비탕 650g X 4팩,24500,,,,고기류
772,1000604385776,피코크,푸짐한 알탕,16800,4.6,475,1595,기타
773,1000534728063,프레시지,마라탕 2인분+마파두부3인분 (냉장),27900,,,,기타
774,1000201287254,ENTREE,앙트레 브루클린 스테이크 쿠킹박스 밀키트(2인분),22300,5.0,1,,기타
775,1000626451490,기타,[한인한식] 뼈해장국 650g X 5팩,27900,,,,국류
776,1000626810043,외갓집,아질산나트륨 무첨가 저먼제로 비엔나 700g X 2팩,27500,,,,기타
777,1000628166863,,천호 쭈꾸미 볶음 300g 2봉,22000,,,,밥/면류
778,1000629478106,외갓집,시골밥상 청국장찌개 600g X 2팩,19500,,,,찌개류
779,1000624833905,외갓집,부산 돼지국밥 500g X 2팩,11900,,,,국류
780,1000629548384,푸딩팩토리,푸딩프렙 미소토리나베 470g 이자카야 닭고기 된장전골우동 밀키트,12800,,,,전류
781,1000630608102,효뽀끼,"초간편 쌀떡볶이(어묵,만두포함)2인분 1팩",12900,,,,분식류
782,1000630837306,바로배송,[뭇나] 투뿔한우 갈비탕곰탕 선물세트_선물포장 (4개입),42900,,,,고기류
783,1000641442380,,감자로 만든 모듬감자전 (10장)*1팩,19900,,,,전류
784,1000641386315,프레시지,춘천양념닭갈비 500g x4팩,39600,,,,고기류
785,1000042646236,쿡솜씨,돼지불백 밀키트 2인분,12800,4.6,11,,기타
786,1000054695818,쿡솜씨,돼지고기콩나물두루치기 밀키트 2인분,12800,4.5,6,,기타
787,1000288809319,아임셰프,춘천식 순살 닭갈비 (2인),18900,,,,고기류
788,1000272807336,대양푸드,알싸한 고추냉이잎 장아찌 절임,5500,,,,기타
789,1000467212714,,Maggi 매기 토마토 애호박 그라탕,4980,,,,기타
790,1000542233530,아이홈푸드,[우정제면소] 멸치맛 수제비 18인분세트 (생수제비3kg+스프18봉),19900,,,,기타
791,1000542235655,아이홈푸드,[우정제면소] 들깨 수제비 18인분세트 (생수제비3kg+들깨가루18봉),28900,,,,기타
792,1000553206461,,한우소고기된장찌개 밀키트 2인분,11900,,,,찌개류
793,1000532348970,프레시지,블랙라벨스테이크 + 감바스알하이요 (냉장밀키트),30900,5.0,2,,기타
794,1000033729779,프레시지,매콤 깻잎 순대볶음 2인분 (냉장밀키트),11900,4.5,553,,밥/면류
795,1000038971961,세미원푸드,[세미원] 오코노미야끼 1.4kg (350g x 4개입),18300,4.1,12,1189,기타
796,1000039941099,ENTREE,앙트레 보글보글 청국장찌개 쿠킹박스 밀키트(2인분),10900,4.5,14,,찌개류
797,1000555324122,아임셰프,이자카야 삼색꼬치 일식 어묵탕 밀키트 (2인분),16900,,,,기타
798,1000563454733,아임셰프,구수하고 칼칼한 강릉 얼큰 장칼국수 645g (2인분),14900,,,,국류
799,1000182523290,,잇츠온 밀키트_대파 고추장 불고기,16900,5.0,1,,고기류
800,1000567207285,,쿠즈락앳홈 한입 스테이크 280g 8팩,47100,,,,기타
801,1000626451490,기타,[한인한식] 뼈해장국 650g X 5팩,27900,,,,국류
802,1000628166863,,천호 쭈꾸미 볶음 300g 2봉,22000,,,,밥/면류
803,1000631853537,프레시지,최현석의 우삼겹마라크림짬뽕,16900,,,,중식
804,1000532348970,프레시지,블랙라벨스테이크 + 감바스알하이요 (냉장밀키트),30900,5.0,2,,기타
805,1000288809319,아임셰프,춘천식 순살 닭갈비 (2인),18900,,,,고기류
806,1000272807336,대양푸드,알싸한 고추냉이잎 장아찌 절임,5500,,,,기타
807,1000557511331,,싱싱 소고기 육전 200g x 4팩,36900,,,,전류
808,1000467212714,,Maggi 매기 토마토 애호박 그라탕,4980,,,,기타
809,1000629210719,푸딩팩토리,푸딩프렙 오돌뼈볶음 360g 밀키트 야식 포차안주 필수메뉴,11500,,,,밥/면류
810,1000595540849,,신림동 순대타운 양지순천집 백곱창 2인분,21900,,,,분식류
811,1000629209758,푸딩팩토리,푸딩프렙 마라 가마보꼬 어묵탕 430g 밀키트 고급 오뎅전골,16900,,,,전류
812,1000635530032,수다쟁이밥상,정가네 시래기 코다리 조림 900g x 3팩   캠핑요리 간편식 밀키트 간편조리 저녁 메뉴반찬,49513,,,,기타
813,1000630608102,효뽀끼,"초간편 쌀떡볶이(어묵,만두포함)2인분 1팩",12900,,,,분식류
814,1000626810043,외갓집,아질산나트륨 무첨가 저먼제로 비엔나 700g X 2팩,27500,,,,기타
815,1000629478106,외갓집,시골밥상 청국장찌개 600g X 2팩,19500,,,,찌개류
816,1000630837306,바로배송,[뭇나] 투뿔한우 갈비탕곰탕 선물세트_선물포장 (4개입),42900,,,,고기류
817,1000641442380,,감자로 만든 모듬감자전 (10장)*1팩,19900,,,,전류
818,1000641386315,프레시지,춘천양념닭갈비 500g x4팩,39600,,,,고기류
819,1000566779174,맘마레시피,[건강하고 정성스런 제주한끼] 끼니키트 나물솥밥 조리키트  2회분,55000,,,,해물/생선류
820,1000642394454,프레시지,theEASY 광양식소불고기 261g x 2팩,26000,,,,고기류
821,1000641947527,하코야,살얼음동동 치쿠와튀김 냉우동,12980,4.7,124,,분식류
822,1000534730698,프레시지,블랙라벨스테이크 2인분+밀푀유나베 2인분(냉장),33900,4.0,1,,기타
823,1000604278383,프레시지,듬뿍담은 판메밀소바,11900,,,,기타
824,1000624628616,,뭇나 프리미엄 투뿔 한우사골 고기곰탕 550g 3팩,28900,,,,기타
825,1000619967635,홍대쭈꾸미,300g 약간매운맛 6팩 수제양념 쭈꾸미볶음,48400,,,,밥/면류
826,1000619967532,홍대쭈꾸미,300g 매운맛 3팩+약간매운맛 3팩 수제양념 쭈꾸미볶음,48400,,,,밥/면류
827,1000626267359,외갓집,속초식 닭강정 마늘간장양념 650g X 3팩,44500,,,,닭요리
828,1000584477764,지투지샵,한우곱창불고기전골 1.2kg 1팩,28500,,,2375,고기류
829,1000621079028,프레시지,최현석의 디트로이트피자미트소스&트리플치즈 268g x3팩,29700,,,,기타
830,1000624377843,외갓집/더명작,양평해장국 800g X 4팩,41500,,,,국류
831,1000628427768,VIPS,빕스 원팬 스테이크 2종 (척아이롤+단호박) + 볶음밥 2종 (멕불) + 피자2종 (하고),52500,,,,밥/면류
832,1000624376917,,(실온) [외갓집] 1978 고기곰탕 500g X 2팩,12900,,,,기타
833,1000624916976,외갓집,진부령 황태 해장국 600g X 2팩,12900,,,,국류
834,1000624716285,외갓집,사골곰탕 500g X 3팩,8500,,,,기타
835,1000619967704,홍대쭈꾸미,500g 약간매운맛 2팩+매운맛 2팩,51600,,,,기타
836,1000624441299,외갓집/더명작,양평해장국 800g X 5팩,51500,,,,국류
837,1000624427429,외갓집/더명작,버드나무집 추어탕 700g X 6팩,61500,,,,기타
838,1000627172731,CJ제일제당,[본사배송][밀키트] 비비고 서울식 소불고기전골 505g X 2개,35900,,,,고기류
839,1000624737237,외갓집,사골곰탕 500g X 4팩,10900,,,,기타
840,1000624914657,외갓집,장항동 진심 열 순대국 700g X 5팩,40900,,,,국류
841,1000627474490,시루조아,100% 국산 고춧가루 우리쌀 조아 떡볶이 370g X 3팩,23700,,,,국류
842,1000626448303,외갓집,아질산나트륨 무첨가 저먼제로 비엔나 700g X 4팩,53500,,,,기타
843,1000042647154,쿡솜씨,오돌뼈볶음 밀키트 2인분,12800,4.7,8,,밥/면류
844,1000548215810,쿡솜씨,우삼겹야끼소바 밀키트 1인분,11800,,,,기타
845,1000541282534,프레시지,마라탕 2인분x2팩 4인분 (냉장),26900,,,,기타
846,1000518259398,BIBS,[빕스] 시그니처 스테이크 3종 3팩,39900,,,,기타
847,1000307547474,웰리트,가지 해초 양지 쌀국수 밀키트 (3인분),22900,,,,베트남식
848,1000567207286,,쿠즈락앳홈 한입 스테이크 280g 4팩,20800,,,,기타
849,1000567034970,우정제면소,들깨 수제비 18인분세트 (생수제비3kg+들깨가루18봉),30900,,,,기타
850,1000571834666,아임셰프,정성껏말은 수제 오리지널 손말이고기 18개입,17900,5.0,1,,기타
851,1000049469050,사그담,30년전통 지장산 칡냉면 물+비빔 각각2인분,18900,,,630,전류
852,1000534712339,프레시지,뉴매콤깻잎순대볶음 2인분x2팩 4인분(냉장),17900,5.0,1,,밥/면류
853,1000082847552,우체국쇼핑,송점숙 꼬막 비빔장 200g*2병,15900,4.3,37,3975,기타
854,1000605977685,단짠예찬,양념 쭈꾸미 볶음 500g(쭈꾸미70%)x2팩,32800,,,,밥/면류
855,1000596951944,,신림동 순대타운 양지순천집 양념 순대곱창볶음,11900,4.0,1,,밥/면류
856,1000593473392,아임셰프,호주산 양갈비 스테이크 763g 밀키트,34900,,,,고기류
857,1000602274579,프레시지,소고기한상SET(소고기샤브샤브+소고기버섯잡채+차돌박이숙주볶음)(냉장),46700,,,,밥/면류
858,1000630608100,효뽀끼,"초간편 쌀떡볶이(어묵,만두포함)2인분 3팩",23500,,,,분식류
859,1000631083280,,코다노 회오리 감자700g(70g10개입) 3봉 감자 국내산,50900,,,,국류
860,1000629210250,푸딩팩토리,푸딩프렙 돼지고기김치짜글이 420g 황금비율 밀키트 간편조리세트,11800,,,,기타한식류
861,1000629210153,푸딩팩토리,푸딩프렙 매콤순대볶음 470g 안주 야식인기메뉴 밀키트 간편조리세트,11500,,,,밥/면류
862,1000631853549,프레시지,최현석의 우삼겹마라크림짬뽕 677g x2팩,33800,,,,중식
863,1000034920115,남해바다,전복 약초 삼계탕세트 / 전복2미+영계2마리+백숙재료,20900,4.4,15,1583,전류
864,1000604899465,빅마마이혜정,아주 맛있는 쫄깃쭈꾸미 400g x 5팩,55900,,,,기타
865,1000635525190,수다쟁이밥상,정가네 시래기 코다리 조림 900g x 2팩   캠핑요리 간편식 밀키트 간편조리 저녁 메뉴반찬,34375,,,,기타
866,1000641386360,프레시지,춘천양념무뼈닭발 500g x6팩,89400,,,,닭요리
867,1000624378303,,(실온) [외갓집] 1978 고기곰탕 500g X 3팩,18900,,,,기타
868,1000626378055,기타,[한인한식] 뚝딱 뚝배기 불고기 400g X 2팩,10500,,,,고기류
869,1000629548375,푸딩팩토리,푸딩프렙 해물크림나베 670g 일본식 진한 크림우동 이자카야 밀키트,17900,,,,해물/생선류
870,1000605948114,,만두전골 밀키트,16900,,,,전류
871,1000624377822,외갓집/더명작,버드나무집 추어탕 700g X 3팩,31500,,,,기타
872,1000609885710,프레시지,"[1월 24일 07시까지 주문시, 명절전 출고][프레시지] 직화스테이크 선물세트(1,280g)_A12",30900,,,,전류
873,1000288808389,아임셰프,산더미 불고기 (2인),20900,,,,고기류
874,1000641386220,프레시지,청년다방 춘천닭갈비 국물 떡볶이 560g x2팩,21600,,,,고기류
875,1000542235668,아이홈푸드,[우정제면소] 들깨 수제비 6인분세트 (생수제비1kg+들깨가루6봉),12900,,,,기타
876,1000629210408,푸딩팩토리,푸딩프렙 해물 쫄면 순두부용 키트 450g 밀키트 간편조리세트,11800,,,,해물/생선류
877,1000529499203,프레시지,야심작 단팥붕어빵,12000,5.0,1,,기타
878,1000635558617,수다쟁이밥상,꽃미남쭈꾸미 양념쭈꾸미 600g x4팩 캠핑요리 간편식 밀키트 간편조리 저녁 메뉴꽃미남쭈꾸미 양념쭈꾸미 600g x4팩 캠핑요리 간편식 밀키트 간편조리 저녁메뉴,78100,,,,기타
879,1000456353752,웰리트,매운 땡초 감바스알아히요 밀키트 (2인분),25000,,,24340,기타
880,1000633879736,프레시지,해운대암소갈비 뼈없는 갈비탕,13900,5.0,6,1738,고기류
